написание,канон,уверенность,вид,примечание
+,—,h,,обрывок пометки «5 лек. + 4 пр.»
BIG DATA,Big Data,h,,регистр
Big Data,Big Data,h,,
DevOps инжиниринг,DevOps инжиниринг,h,,
VR/AR ТЕХНОЛОГИИ ПРИ ТО,VR/AR технологии при ТО и ремонте сельскохозяйственной техники,h,,обрезанное название
VR/AR технол ри ТО и ремонте с.х. технике,VR/AR технологии при ТО и ремонте сельскохозяйственной техники,h,,"опечатки «ри», «технол»"
VR/AR техноолгии при ТО и ремонте,VR/AR технологии при ТО и ремонте сельскохозяйственной техники,h,,"опечатка «техноолгии», обрезка"
А.В.,—,h,,обрывок соседней ячейки
АВТОМ. СИСТЕМЫ УПРАВЛЕН.,Автоматизированные системы управления,h,,"сокращение, тот же преподаватель Евстафьев"
АВТОМАТИЗ.И РОБОТИЗАЦИЯ,Автоматизация и роботизация технологических процессов сельскохозяйственного производства,h,,"сокращение; Евстафьев, ауд. 301"
АВТОМАТИЗАЦИЯ И РОБОТИЗАЦИЯ ТЕХНОЛОГИЧЕСКИХ ПРОЦЕССОВ С.Х. ПРОИЗВОДСТВА,Автоматизация и роботизация технологических процессов сельскохозяйственного производства,h,,«С.Х.» = сельскохозяйственного
АВТОМАТИЗАЦИЯ СИСТЕМ УПРАВЛЕНИЯ,Автоматизация систем управления,h,,
АВТОМАТИЗАЦИЯ СИСТЕМ УПРАВЛЕНИЯ В ЭЛЕКТРОЭНЕРГЕТИКЕ,Автоматизация систем управления в электроэнергетике,h,,
АВТОМАТИЗАЦИЯ ТЕХНОЛОГ ПРОЦЕССОВ ИЖЕНЕРНЫХ СИСТЕМ,Автоматизация технологических процессов инженерных систем,h,,
АВТОМАТИЗАЦИЯ ТЕХНОЛОГ. ПРОЦЕС.,Автоматизация технологических процессов сборки,l,,"Ершов, ауд. 529 — как у «…сборки»; правило ошибочно отнесло к дисциплине Медведева"
АВТОМАТИЗАЦИЯ ТЕХНОЛОГИЧЕСКИХ ПРОЦЕССОВ ИНЖЕНЕРНЫХ СИСТЕМ,Автоматизация технологических процессов инженерных систем,h,,
АВТОМАТИЗИРОВАННЫЕ МЕТОДЫ ИНЖЕНЕРНО-ГЕОДЕЗИЧЕСКИХ РАБОТ,Автоматизированные методы инженерно-геодезических работ,h,,
АВТОМАТИКА,Автоматика,h,,
АГРОБИОЛОГИЧЕСКИЕ ОСНОВЫ РАСТЕНИЕВОДСТВА,Агробиологические основы растениеводства,h,,
АГРОЛАНДШАФТНОЕ ЗЕМЛЕДЕЛИЕ,Агроландшафтное земледелие,h,,
АГРОНОМ. ОСНОВЫ ИСПОЛЬЗОВАНИЯ МЕЛИОРИР. ЗЕМЕЛЬ,Агрономические основы использования мелиорируемых земель,h,,
АГРОНОМИЧЕСКИЕ ОСНОВЫ ИСПОЛЬЗОВАНИЯ МЕЛИОРИРУЕМЫХ,Агрономические основы использования мелиорируемых земель,h,,обрезанное название
АГРОНОМИЧЕСКИЕ ОСНОВЫ ИСПОЛЬЗОВАНИЯ МЕЛИОРИРУЕМЫХ ЗЕМЕЛЬ,Агрономические основы использования мелиорируемых земель,h,,регистр
АГРОПРОДОВОЛЬСТВЕННОЕ ИМПОРТОЗАМЕЩЕНИЕ,Агропродовольственное импортозамещение,h,,канон был с опечаткой
АГРОРОБОТИЗИР СРЕДСТ,Агророботизированные средства и комплексы в агроинженерии,h,,"сокращение; Шардина, ауд. 131"
АГРОФИЗИЧЕСКИЕ СВОЙСТВА ПОЧВ,Агрофизические свойства почв,h,,
АГРОФИТОЦЕНОЛОГИЯ,Агрофитоценология,h,,
АГРОХИМИЯ,Агрохимия,h,,
АДАПТ.-ЛАНД. СИСТЕМЫ ЗЕМЛЕДЕЛИЯ,Адаптивно-ландшафтные системы земледелия,h,,
АДАПТ.-ЛАНДШАФТ. СИСТЕМЫ ЗЕМЛЕДЕЛИЯ,Адаптивно-ландшафтные системы земледелия,h,,
АДАПТИВНОЕ ЗЕМЛЕДЕЛИЕ,Адаптивное земледелие,h,,
АКУШЕРСТВО И ГИНЕКОЛОГИЯ,Акушерство и гинекология животных,h,,тот же преподаватель Семиволос
АКУШЕРСТВО И ГИНЕКОЛОГИЯ ЖИВОТНЫХ,Акушерство и гинекология животных,h,,
АЛГОРИТМ И АРХИТЕКТУРА ПРОГРАММНЫХ РЕШЕНИЙ,Алгоритм и архитектура программных решений,h,,
АНАЛИЗ ДАННЫХ,Анализ данных,h,,
АНАЛИЗ И ДИАГНОСТИКА ПТС,Анализ и диагностика ПТС,h,,
АНАЛИЗ И ПРОГНОЗ. КОНЬЮНКТУРЫ РЫНКОВ,Анализ и прогнозирование конъюнктуры рынков,h,,"сокращение, опечатка"
АНАЛИЗ ХОЗ. ДЕЯТЕЛЬНОСТИ ПРЕДПРИЯТИЯ АПК,Анализ хозяйственной деятельности предприятий АПК,h,,сокращение «ХОЗ.»
АНАТОМИЯ ЖИВОТНЫХ,Анатомия животных,h,,регистр
АНАТОМИЯ СЕЛЬСКОХОЗЯЙСТВЕННЫХ ЖИВОТНЫХ,Анатомия сельскохозяйственных животных,h,,
АНАТОМИЯЖИВОТНЫХ,Анатомия животных,h,,слипшиеся слова от разрядки
АППАРАТНЫЕ ПРОГРАММНЫЕ СРЕДСТВА В ПРОИЗВОДСТВЕ ПРОДУКТОВ ЖИВОТНОВОДСТВА,Аппаратные программные средства в производстве продуктов животноводства,h,,регистр
АРХИТЕКТУРА КОМПЬЮТЕРА И ОПЕРАЦИОННЫЕ СИСТЕМЫ,Архитектура компьютера и операционные системы,h,,
АСУТП,АСУТП,h,,аббревиатура; канон «Асутп» был с испорченным регистром
АУДИТ,Аудит,h,,
АУДИТ КАЧЕСТВА В ПТС,Аудит качества в ПТС,h,,
АУЧНЫЕ ОСНОВЫ БИОТЕХНОЛОГИИ СОЗДАНИЯ ФУНКЦИОНАЛЬНЫХ ПРОДУК. ПИТАН.,Научные основы биотехнологии создания функциональных продуктов питания,h,,
Автоматизация и роботизация технологических процессов,Автоматизация и роботизация технологических процессов,h,,
"Автоматизация процессов в теплоэнергетике, теплотехнике и теплотехнологиях","Автоматизация процессов в теплоэнергетике, теплотехнике и теплотехнологиях",h,,
Автоматизация технологических процессов,Автоматизация технологических процессов,h,,
Автоматизированные методы инженерно-геодезических работ,Автоматизированные методы инженерно-геодезических работ,h,,
Автоматизированные системы,Автоматизированные системы,h,,
Автоматизированные системы отбаботки информации,Автоматизированные системы обработки информации,h,,опечатка «отбаботки»
Автосервис и фирменое обслуживаниеавтомобилей и тракторов,Автосервис и фирменное обслуживание автомобилей и тракторов,h,,"опечатки, слипшиеся слова"
Агробиологические основы растениеводства,Агробиологические основы растениеводства,h,,
Агроландшафтное земледелие,Агроландшафтное земледелие,h,,
Агрометеорологические прогнозы,Агрометеорологические прогнозы,h,,
Агрономи. основы использования мелиор. земель,Агрономические основы использования мелиорируемых земель,h,,
Агрономические основы использования мелиорируемых земель,Агрономические основы использования мелиорируемых земель,h,,
Агропродовольственное имортозамещение,Агропродовольственное импортозамещение,h,,опечатка в каноне «имортозамещение»
Агрофизические свойства почв,Агрофизические свойства почв,h,,
Агрофитоценология,Агрофитоценология,h,,
Агрохимия,Агрохимия,h,,
Адаптивно-ландшафтные системы земледелия,Адаптивно-ландшафтные системы земледелия,h,,
Адаптивное земледелие,Адаптивное земледелие,h,,
Акушерство,Акушерство,h,,
Акушерство и гинекология животных,Акушерство и гинекология животных,h,,
Алгоритм и архитектура программных решений,Алгоритм и архитектура программных решений,h,,
Анализ данных,Анализ данных,h,,
Анализ и диагностика ПТС,Анализ и диагностика ПТС,h,,
Анализ и прогноз. коньюнктуры в АПК,Анализ и прогнозирование конъюнктуры в АПК,l,,"сокращение, опечатка «коньюнктуры»; возможно, та же дисциплина, что «…рынков» — оставлено отдельно"
Анализ хоз. деятельности АПК,Анализ хозяйственной деятельности предприятий АПК,h,,сокращение; тот же преподаватель Кондак
Анатомия,Анатомия,h,,
Анатомия сельскохозяйственных животных,Анатомия сельскохозяйственных животных,h,,
Аудит,Аудит,h,,
Аудит (продвинутый уровень),Аудит (продвинутый уровень),h,,
Аудит качества в ПТС,Аудит качества в ПТС,h,,
БАЗЫ ДАННЫХ В БИЗНЕС-АНАЛИТИКЕ,Базы данных в бизнес-аналитике,h,,регистр
БАХЧЕВОДСТВО В ЗГ,Бахчеводство в защищённом грунте,h,,"«ЗГ» = защищённый грунт, тот же преподаватель Лихацкая"
БЕЗАВАРИЙНОСТЬ В ТЕХНИЧЕСКИХ СИСТЕМАХ,Безаварийность в технических системах,h,,
БЕЗОПАСНОСТЬ ЖИЗНЕДЕЯТЕЛЬНОСТИ,Безопасность жизнедеятельности,h,,
БЕЗОПАСНОСТЬ И КАЧЕСТВО РЫБНОЙ ПРОДУКЦИИ,Безопасность и качество рыбной продукции,h,,регистр
БЕЗОПАСНОСТЬ ТЕХНИЧЕСКИХ СИСТЕМ,Безопасность технических систем,h,,
БЕЗОПАСНОСТЬ ТЕХНОЛОГИЧ. ПРОЦЕССОВ,Безопасность технологических процессов и производств,h,,сокращение
БЕЗОПАСНОСТЬЖИЗНЕДЕЯТЕЛЬНОСТИ,Безопасность жизнедеятельности,h,,
БЕЗОПСНОСТЬ ЖИЗНЕДЕЯТЕЛЬНОСТИ,Безопасность жизнедеятельности,h,,
БЕЗОТХОДНЫЕ ТЕХНОЛОГИИ МАСЛОЖИРОВОГО ПРОИЗВОДСТВА,Безотходные технологии масложирового производства,h,,
БЕЗОТХОДНЫЕ ТЕХНОЛОГИИ ПРОИЗВОДСТВА МЯСНЫХ ПРОДУКТОВ,Безотходные технологии производства мясных продуктов,h,,
БЕРЕЖЛИВОЕ ПРОИЗВОДСТВО В ПТС,Бережливое производство в ПТС,h,,
БЖД,Безопасность жизнедеятельности,h,,аббревиатура БЖД
БИЗНЕС-АНАЛИТИКА ЭКОН. ПРОЦЕССОВ,Бизнес-аналитика экономических процессов,h,,
БИЗНЕС-АНАЛИТИКА ЭКОНОМ. ПРОЦЕССОВ,Бизнес-аналитика экономических процессов,h,,
БИЗНЕС-ПЛАНИРОВАНИЕ,Бизнес-планирование,h,,
БИЗНЕС-ПЛАНИРОВАНИЕ В МЯСНОЙ ОТРАСЛИ,Бизнес-планирование в мясной отрасли,h,,
БИОГЕОГРАФИЯ,Биогеография,h,,
БИОГЕОХИМИЧЕСКИЕ ОСНОВЫ ЖИВОТНОВОДСТВА ПОВОЛЖЬя,Биогеохимические основы животноводства в Поволжье,h,,регистр
БИОИНДЕКАЦИЯ СОСТОЯНИЯ ОС,Биоиндикация состояния окружающей среды,h,,"«ОС» = окружающей среды, тот же преподаватель Петрова"
БИОЛ. АСПЕКТЫ РАЗВ. ВРЕД. ОРГ.,Биологические аспекты развития вредных организмов,h,,"сокращения, тот же преподаватель Лихацкая"
БИОЛ. ОСОБ. И АГРОЭКОЛОГ. ОЦЕНКА ОВОЩ. КУЛЬТУР,Биологические особенности и агроэкологическая оценка овощных культур,h,,сокращения
БИОЛ. ПРЕПАРАТЫ В РАСТЕНИЕВОДСТВЕ,Биологические препараты в растениеводстве,h,,
БИОЛОГ. ОСНОВЫ СОХРАНЕНИЯ,Биологические основы сохранения и управления,h,,"сокращение, тот же преподаватель Самсонов"
БИОЛОГИЧЕСКАЯ БЕЗОПАСНОСТЬ МЯСА И МЯСНЫХ ПРОДУКТОВ,Биологическая безопасность мяса и мясных продуктов,h,,
БИОЛОГИЧЕСКИЕ ОСНОВЫ ПОЛНОЦЕННОГО КОРМЛЕНИЯ ПТИЦЫ,Биологические основы полноценного кормления птицы,h,,
БИОЛОГИЧЕСКИЕ ОСНОВЫ РЫБОВОДСТВА,Биологические основы рыбоводства,h,,канон был в неверной форме
БИОЛОГИЯ,Биология,h,,
БИОЛОГИЯ ОХОТНИЧЬИХ РЕСУРСОВ,Биология охотничьих ресурсов,h,,
БИОЛОГИЯ ПОЧВ,Биология почв,h,,канон был с опечаткой
БИООРГАНИЧЕСКАЯ ХИМИЯ,Биоорганическая химия,h,,
БИОТЕХ. МЕТОДЫ В СЕЛЕКЦИИ И СЕМЕНОВОДСТВЕ,Биотехнологические методы в селекции и семеноводстве,h,,сокращение «БИОТЕХ.»
БИОТЕХНИКА ВОСПРОИЗВОДСТВА С ОСНОВАМИ АКУШЕРСТВА,Биотехника воспроизводства с основами акушерства,h,,
БИОТЕХНИЯ И ДИЧЕРАЗВЕДЕНИЕ,Биотехния и дичеразведение,h,,
БИОТЕХНИЯ И ДИЧЕРАЗДЕЛЕНИЕ,Биотехния и дичеразведение,h,,
БИОТЕХНОЛОГИЧЕСКИЕ МЕТОДЫ В СЕЛ. И СЕМ.,Биотехнологические методы в селекции и семеноводстве,h,,сокращение «СЕЛ. И СЕМ.»
БИОТЕХНОЛОГИЯ В ПРОИЗВОДСТВЕ ПРОДУКТОВ ПИТАНИЯ ММИ,Биотехнология в производстве продуктов питания ММИ,h,,
БИОХИМИЯ,Биохимия,h,,
БИРЖЕВАЯ ТОРГОВЛЯ,Биржевая торговля,h,,
БОЛЕЗНИ СОБАК И КОШЕК,Болезни собак и кошек,h,,
БОТАНИКА,Ботаника,h,,
БУХГАЛТЕРСКИЙ УПРАВЛЕНЧЕСКИЙ УЧЕТ,Бухгалтерский управленческий учет,h,,
БУХГАЛТЕРСКИЙ ФИНАНСОВЫЙ УЧЕТ,Бухгалтерский финансовый учет,h,,
"БУХУЧЕТ, АНАЛИЗ И АУДИТ В ВЭД","Бухучет, анализ и аудит в ВЭД",h,,
Базы данных в аналитике,Базы данных в бизнес-аналитике,h,,тот же преподаватель Ершов А.С.
Бахчеводство в защищеном грунте,Бахчеводство в защищённом грунте,h,,опечатка «защищеном»
Безопасность жизнедеятельномти,Безопасность жизнедеятельности,h,,
Безопасность жизнедеятельноости,Безопасность жизнедеятельности,h,,
Безопасность жизнедеятельности,Безопасность жизнедеятельности,h,,
Безотходные технологии масложирового производства,Безотходные технологии масложирового производства,h,,
Безотходные технологии производства мясных продуктов,Безотходные технологии производства мясных продуктов,h,,
Бережливое производство в ПТС,Бережливое производство в ПТС,h,,
Бизнес-аналитика эконом. процессов,Бизнес-аналитика экономических процессов,h,,
Бизнес-аналитика экономических процессов,Бизнес-аналитика экономических процессов,h,,
Бизнес-планирование,Бизнес-планирование,h,,
Бизнес-планирование в мясной отрасли,Бизнес-планирование в мясной отрасли,h,,
Биогеография,Биогеография,h,,
Биогеохимические основы животноводства в Поволжье,Биогеохимические основы животноводства в Поволжье,h,,раньше «Поволжье» принималось за фамилию
Биоиндекация состояния окружающей срееды,Биоиндикация состояния окружающей среды,h,,"опечатки «биоиндекация», «срееды»"
Биол. особенности и агроэкол. оценка овощных культур,Биологические особенности и агроэкологическая оценка овощных культур,h,,сокращения
Биологическая безопасность мяса и мясных продуктов,Биологическая безопасность мяса и мясных продуктов,h,,
Биологическая основа рыбоводства,Биологические основы рыбоводства,h,,канон был в неверной форме
Биологические аспекты развития вредных организмов,Биологические аспекты развития вредных организмов,h,,
Биологические основы полноценного кормления жвачных животных,Биологические основы полноценного кормления жвачных животных,h,,
Биологические основы полноценного кормления птицы,Биологические основы полноценного кормления птицы,h,,
Биологические препараты в растениеводстве,Биологические препараты в растениеводстве,h,,
Биология,Биология,h,,
Биология поча,Биология почв,h,,опечатка «поча» стала каноном
Биоорганическая химия,Биоорганическая химия,h,,
Биотехн. методы в сел.и семеноводстве,Биотехнологические методы в селекции и семеноводстве,h,,сокращения
Биотехника воспроизводства с основами акушерства,Биотехника воспроизводства с основами акушерства,h,,
Биотехния и дичеразведение,Биотехния и дичеразведение,h,,
Биотехнологические методы в селекции и семеноводстве,Биотехнологические методы в селекции и семеноводстве,h,,
Биотехнологические процессы в производстве масложировой продукции на основе растительного сырья,Биотехнологические процессы в производстве масложировой продукции на основе растительного сырья,h,,
Биотехнология в производстве продуктов питания ММИ,Биотехнология в производстве продуктов питания ММИ,h,,
Биохимия,Биохимия,h,,
Биржевая торговля,Биржевая торговля,h,,
Болезни собак и кошек,Болезни собак и кошек,h,,
Ботаника,Ботаника,h,,
Бух. управленческий учет,Бухгалтерский управленческий учет,h,,
Бухгалтерский финансовый учет,Бухгалтерский финансовый учет,h,,
"Бухучет, анализ и аудит в ВЭД","Бухучет, анализ и аудит в ВЭД",h,,
Бюджетирование в системе контроллинга,Бюджетирование в системе контроллинга,h,,
В.С.Э. МЯСА И МЯСНЫХ ПРОДУКТОВ,Ветеринарно-санитарная экспертиза мяса и мясных продуктов,h,,«В.С.Э.» = ветеринарно-санитарная экспертиза
В.С.Э. мяса и мясных продуктов,Ветеринарно-санитарная экспертиза мяса и мясных продуктов,h,,«В.С.Э.» = ветеринарно-санитарная экспертиза
ВВЕДЕНИЕ В VR/AR ТЕХНОЛОГИИ,Введение в VR/AR технологии,h,,
ВВЕДЕНИЕ В ИСКУССТВЕННЫЙ ИНТЕЛЛЕКТ,Введение в искусственный интеллект,h,,
ВВЕДЕНИЕ В МАЛУЮ ЭНЕРГЕТИКУ,Введение в малую энергетику,h,,регистр
ВВЕДЕНИЕ В ПРОФЕСС. ДЕЯТЕЛЬНОСТЬ,Введение в профессиональную деятельность,h,,
ВВЕДЕНИЕ В ПРОФЕССИОНАЛЬНУЮ ДЕЯТЕЛЬНОСТЬ,Введение в профессиональную деятельность,h,,
ВВЕДЕНИЕ В ПРОФЕССИЮ,Введение в профессию,h,,
ВВЕДЕНИЕ В СПЕЦИАЛЬНОСТЬ,Введение в специальность,h,,
ВЕБ-ДИЗАЙН И ПРОЕКТИРОВАНИЕ,Веб-дизайн и проектирование,h,,канон был с опечаткой
ВЕНТИЛЯЦИЯ,Вентиляция,h,,
ВЕТЕРИНАРНАЯ БИОТЕХНОЛОГИЯ,Ветеринарная биотехнология,h,,
ВЕТЕРИНАРНАЯ ВИРУСОЛОГИЯ,Ветеринарная вирусология,h,,
ВЕТЕРИНАРНАЯ МИКРОБИОЛОГИЯ,Ветеринарная микробиология,h,,
ВЕТЕРИНАРНАЯ РАДИОБИОЛОГИЯ,Ветеринарная радиобиология,h,,
ВЕТЕРИНАРНАЯ САНИТАРНАЯ ЭКСПЕРТИЗА,Ветеринарно-санитарная экспертиза,h,,пробел вместо дефиса
ВЕТЕРИНАРНАЯ СТОМАТОЛОГИЯ,Ветеринарная стоматология,h,,
ВЕТЕРИНАРНО-САНИТАРНАЯ ЭКСПЕРТИЗА,Ветеринарно-санитарная экспертиза,h,,
ВИНОГРАДАРСТВО,Виноградарство,h,,
ВИРУСОЛОГИЯ,Вирусология,h,,
ВНУТРЕННИЕ НЕЗАРАЗНЫЕ БОЛЕЗНИ,Внутренние незаразные болезни животных,h,,тот же преподаватель Калюжный; обрезанное название
ВНУТРЕННИЕ НЕЗАРАЗНЫЕ БОЛЕЗНИ ЖИВОТНЫХ,Внутренние незаразные болезни животных,h,,канон был с опечаткой «животых»
"ВОДОСНАБ ОБЪЕКТОВ ТЕПЛО-, ГАЗО-, ХОЛОДОС И ВЕНТИЛ","Водоснабжение объектов тепло-, газо-, холодоснабжения и вентиляции",h,,
ВОДОСНАБЖ ОБЪЕКТОВ ТЕПЛО-ГАЗО ХОЛОДОСНАБ,"Водоснабжение объектов тепло-, газо-, холодоснабжения и вентиляции",h,,"обрезанное название, Прокопец"
ВОДОСНАБЖЕНИЕ И ВОДООТВЕДЕНИЕ,Водоснабжение и водоотведение,h,,
"ВРЕДНЫЕ НЕМАТОДЫ, КЛЕЩИ, ГРЫЗУНЫ","Вредные нематоды, клещи, грызуны",h,,
ВСЭ,Ветеринарно-санитарная экспертиза,h,,аббревиатура; лаб.з. у ВТ-50x
ВЫ,—,h,,обрывок ячейки «* * * лек.ВЫ»
"ВЫДЕЛЕНИЕ,ИДЕНТИФИКАЦИЯ И АНАЛИЗ ПРОДУКТОВ БИОСИНТЕЗА И БИОТРАНСФОРМАЦИИ","Выделение, идентификация и анализ продуктов биосинтеза и биотрансформации",h,,регистр
ВЫСШАЯ ГЕОДЕЗИЯ,Высшая геодезия,h,,
ВЫСШАЯ МАТЕМАТИКА,Высшая математика,h,,
ВЫЧИСЛИТЕЛЬНЫЕ СЕТИ В БИЗНЕС-АНАЛИТИКЕ,"Вычислительные системы, сети и телекоммуникации в бизнес-аналитике",l,,"тот же преподаватель Моршнев, ауд. 294"
Введение в искусственный интеллект,Введение в искусственный интеллект,h,,
Введение в профессиональную деятельность,Введение в профессиональную деятельность,h,,
Введение в профессию,Введение в профессию,h,,
Введение в специальность,Введение в специальность,h,,
Вет.биотехн.,Ветеринарная биотехнология,h,,сокращение
Вет.вирусология,Ветеринарная вирусология,h,,сокращение «Вет.»
Вет.микробиология,Ветеринарная микробиология,h,,сокращение «Вет.»
Вет.радиобиол.,Ветеринарная радиобиология,h,,"сокращения «Вет.», «радиобиол.»"
Ветеринарная биотехнология,Ветеринарная биотехнология,h,,
Ветеринарная онкология,Ветеринарная онкология,h,,
Ветеринарная стоматология,Ветеринарная стоматология,h,,
Ветеринарная.радиобиология,Ветеринарная радиобиология,h,,точка вместо пробела
Ветеринарно-санитарная экспертиза,Ветеринарно-санитарная экспертиза,h,,
Виноградарство,Виноградарство,h,,
Вирусология,Вирусология,h,,
Внутр.незар.болезни,Внутренние незаразные болезни животных,h,,сокращение
Внутрен. незаразные болезни,Внутренние незаразные болезни животных,h,,сокращение
Внутрен.незараз. болезни,Внутренние незаразные болезни животных,h,,тот же преподаватель Калюжный; обрезанное название
Внутренние незаразные болезни,Внутренние незаразные болезни животных,h,,"без «животных»; ВТ, Калюжный И.И."
Внутренние незаразные болезни животых,Внутренние незаразные болезни животных,h,,опечатка «животых»
"Вредные нематоды, клещи, грызуны","Вредные нематоды, клещи, грызуны",h,,
"Выделение, идентификация и анализ продуктов биосинтеза и биотрансформации","Выделение, идентификация и анализ продуктов биосинтеза и биотрансформации",h,,
Высокотехнологичные производства продуктов питания,Высокотехнологичные производства продуктов питания,h,,
Высшая геодезия,Высшая геодезия,h,,
Высшая математика,Высшая математика,h,,
"Вычислительные сети, сети и телеком. в бизнес-аналитике","Вычислительные системы, сети и телекоммуникации в бизнес-аналитике",l,,сокращение «телеком.»
ГАЗОСНАБЖЕНИЕ,Газоснабжение,h,,
ГЕНЕТИКА,Генетика,h,,
ГЕНЕТИКА ЖИВОТНЫХ,Генетика животных,h,,
ГЕНЕТИКА И СЕЛЕКЦИЯ НА УСТОЙЧИВОСТЬ К БОЛЕЗНЯМ И ВРЕДИТЕЛЯМ,Генетика и селекция на устойчивость к болезням и вредителям,h,,
ГЕНЕТИКА И СЕЛЕКЦИЯ РЫБ,Генетика и селекция рыб,h,,
ГЕНЕТИКА ПОПУЛЯЦИЙ И КОЛИЧ. ПРИЗНАКОВ,Генетика популяций и количественных признаков,h,,
ГЕОБОТАНИКА,Геоботаника,h,,
ГЕОГРАФИЧЕСКИЕ И ЗЕМЕЛЬНО-ИНФОРМАЦИОННЫЕ СИСТЕМЫ,Географические и земельно-информационные системы,h,,точка в конце канона
ГЕОДЕЗИЧЕСКОЕ ИНСТУМЕНТОВЕДЕНИЕ,Геодезическое инструментоведение,h,,опечатка «инстументоведение» стала каноном
ГЕОДЕЗИЧЕСКОЕ ОБЕСПЕЧЕНИЕ КАДАСТРОВЫХ РАБОТ,Геодезическое обеспечение кадастровых работ,h,,
ГЕОДЕЗИЯ,Геодезия,h,,
ГЕОИНФОРМАЦИОННЫЕ СИСТЕМЫ И ТЕХНОЛОГИИ,Геоинформационные системы и технологии,h,,
ГЕОЛОГИЯ,Геология,h,,
ГЕОЛОГИЯ И ОСНОВЫ ГИДРОГЕОЛОГИИ,Геология и основы гидрогеологии,h,,регистр
ГЕОЭКОЛОГИЯ,Геоэкология,h,,
ГИДРАВЛИКА,Гидравлика,h,,
ГИДРОБИОЛОГИЯ,Гидробиология,h,,
ГИДРОГАЗОДИНАМИКА,Гидрогазодинамика,h,,
ГИДРОМЕТРИЧЕСКОЕ ОБЕСПЕЧЕНИЕ,Гидрометрическое обеспечение,h,,
ГИДРОМЕХАНИЧЕСКИЕ ПРОЦЕССЫ В ПИЩЕВОЙ ПРОМЫШЛЕННОСТИ,Гидромеханические процессы в пищевой промышленности,h,,канон был с опечаткой
ГИДРОСИЛОВОЕ И НАСОСНОЕ ОБОРУД СИСТЕМ ИНЖЕН ЗАЩИТЫ,Гидросиловое и насосное оборудование систем инженерной защиты,h,,
ГИДРОСИЛОВОЕ И НАСОСНОЕ ОБОРУДОВАНИЕ СИСТЕМ ИНЖНЕРНОЙ ЗАЩИТЫ,Гидросиловое и насосное оборудование систем инженерной защиты,h,,
ГИДРОУЗЛЫ КОМПЛЕКСНОГО НАЗНАЧЕНИЯ,Гидроузлы комплексного назначения. Гидротехнические сооружения инженерной защиты,l,,"обрезанное название, Михеева"
ГИС,ГИС,h,,аббревиатура; канон «Гис» с испорченным регистром
ГИС В ЛЕСНОМ ДЕЛЕ,ГИС в лесном деле,h,,
ГИС В ЭКОЛОГИИ И ПРИРОДОПОЛЬЗ.,ГИС в экологии и природопользовании,h,,сокращение; Царенко
ГИС В ЭКОЛОГИЧЕСКИХ ИССЛЕДОВАНИЙ,ГИС в экологических исследованиях,h,,
ГИС в лесном деле,ГИС в лесном деле,h,,
ГИС в экологии и прородопользовании,ГИС в экологии и природопользовании,h,,опечатка «прородопользовании»
ГИС в экологических исследованиях,ГИС в экологических исследованиях,h,,
ГЛОБАЛЬНАЯ ЭКОЛОГИЯ,Глобальная экология,h,,
ГОС. РЕГУЛИР. В АГРОБИЗНЕСЕ,Государственное регулирование в агробизнесе,h,,сокращения «ГОС. РЕГУЛИР.»
ГОС. ЭКОНОМИЧЕСКОЕ РЕГУЛИРОВАНИЕ,Государственное экономическое регулирование,h,,
ГОС.. И МУНИЦИП. ФИНАНСЫ,Государственные и муниципальные финансы,h,,сокращения; Уколова
ГОСУДАРСТВЕННАЯ РЕГИСТРАЦИЯ ОБЪЕКТОВ НЕДВИЖИМОСТИ,Государственная регистрация объектов недвижимости,h,,
ГОСУДАРСТВЕННОЕ РЕГУЛИРОВАНИЕ ЗЕМЕЛЬНЫХ ОТНОШЕНИЙ,Государственное регулирование земельных отношений,h,,
ГОСУДАРСТВЕННОЕ УПРАВЛЕНИЕ ЛЕСАМИ,Государственное управление лесами,h,,
ГОСУДАРСТВЕННОЕ ЭКОНОМИЧЕСКОЕ РЕГУЛИРОВАНИЕ АПК,Государственное экономическое регулирование АПК,h,,
ГОСУДАРСТВЕННЫЕ И МУНИЦИПАЛЬНЫЕ ФИНАНСЫ,Государственные и муниципальные финансы,h,,
ГОСУДАРСТВЕННЫЙ ВЕТЕРИНАРНЫЙ НАДЗОР,Государственный ветеринарный надзор,h,,
ГОСУДАРСТВЕННЫЙ УЧЕТ ЗЕМЕЛЬ,Государственный учет земель,h,,
ГРАДОСТРОИТЕЛЬНОЕ РЕГУЛИРОВ. ЗИК,Градостроительное регулирование развития земельно-имущественного комплекса,h,,сокращения; Царенко
ГРАДОСТРОИТЕЛЬСТВО,Градостроительство,h,,
Генетика,Генетика,h,,
Генетика животных,Генетика животных,h,,
Генетика и селекция на устойчивость к болезням и вредителям,Генетика и селекция на устойчивость к болезням и вредителям,h,,
Генетика и селекция рыб,Генетика и селекция рыб,h,,
Генетика популяций и количественных признаков,Генетика популяций и количественных признаков,h,,
Геоботаника,Геоботаника,h,,
Географические и земельно-информационные системы.,Географические и земельно-информационные системы,h,,точка в конце канона
Геодезическое инстументоведение,Геодезическое инструментоведение,h,,опечатка
Геодезическое обеспечение кадастровых работ,Геодезическое обеспечение кадастровых работ,h,,
Геодезия,Геодезия,h,,
Геоинформационные системы и технологии,Геоинформационные системы и технологии,h,,
Геоинформационные технологии,Геоинформационные технологии,h,,
Геология,Геология,h,,
Геоэкология,Геоэкология,h,,
Гигиена и санитария в акакультуре,Гигиена и санитария в аквакультуре,h,,
Гигиена и санитария в аквакультуре,Гигиена и санитария в аквакультуре,h,,
Гидробиология,Гидробиология,h,,
Гидромеханиеские процессы в пищевой промышленности,Гидромеханические процессы в пищевой промышленности,h,,опечатка «гидромеханиеские» стала каноном
Гидросиловое и насосное оборудование систем инженерной защиты,Гидросиловое и насосное оборудование систем инженерной защиты,h,,
Глобальная экология,Глобальная экология,h,,
Гос. и муниципальные финансы,Государственные и муниципальные финансы,h,,
Гос. экономич. регулирование,Государственное экономическое регулирование,h,,"сокращения; Зуева, как у полного названия"
Государственная регистрация объектов недвижимости,Государственная регистрация объектов недвижимости,h,,
Государственная регистрацияобъектов недвижимости,Государственная регистрация объектов недвижимости,h,,
Государственное регулирование в агробизнесе,Государственное регулирование в агробизнесе,h,,
Государственное регулирование земельных отношений,Государственное регулирование земельных отношений,h,,
Государственное управление лесами,Государственное управление лесами,h,,
Государственное экономическое регулирование,Государственное экономическое регулирование,h,,
Государственные и муниципальные финансы,Государственные и муниципальные финансы,h,,
Государственный ветеринарный надзор,Государственный ветеринарный надзор,h,,
Государственный учет земель,Государственный учет земель,h,,
Градостроительное регулиров. развития ЗИК,Градостроительное регулирование развития земельно-имущественного комплекса,h,,«ЗИК» = земельно-имущественный комплекс
ДЕКОРАТИВНАЯ ДЕНДРОЛОГИЯ,Декоративная дендрология,h,,
ДЕКОРАТИВНОЕ РАСТЕНИЕВОДСТВО,Декоративное растениеводство,h,,
"ДЕЛЕНИЕ,ИДЕНТИФИКАЦИЯ И АНАЛИЗ ПРОДУКТОВ БИОСИНТЕЗА И БИОТРАНСФОРМАЦИИ","Выделение, идентификация и анализ продуктов биосинтеза и биотрансформации",h,,
ДЕЛОВОЙ ЭТИКЕТ,Деловой этикет,h,,
ДЕНДРОЛОГИЯ,Дендрология,h,,
ДЕНДРОМЕТРИЯ,Дендрометрия,h,,
"ДЕНЬГИ, КРЕДИТ, БАНКИ","Деньги, кредит, банки",h,,
ДЕРЕВОРЕЖУЩИЕ СТАНКИ И ИНСТРУМЕНТЫ,Дереворежущие станки и инструменты,h,,
ДЕТАЛИ МАШИН,Детали машин,h,,
ДЕШИФРОВКА АЭРОКОСМИЧЕСКИХ ИЗОБРАЖЕНИЙ,Дешифрирование аэрокосмических изображений,h,,другая форма слова
ДИАГНОСТИКА И КОНТРОЛЬ ТЕХНИЧЕСКОГО СОСТОЯНИЯ АВТОМОБИЛЕЙ И ТРАКТОРОВ,Диагностика и контроль технического состояния автомобилей и тракторов,h,,канон был с опечаткой
ДИАГНОСТИКА И ТЕХНИЧ. ОБСЛ. МАШИН В АПК,Диагностика и техническое обслуживание машин в АПК,h,,сокращения
ДИЛЕРСКАЯ СЛУЖБА В ТЕХНИЧЕСКОМ СЕРВИСЕ,Дилерская служба в техническом сервисе,h,,
ДИНАМИКА И ПРОЧНОСТЬ КОНСТРУКЦИЙ АВТОМОБИЛЕЙ И ТРАКТОРОВ,Динамика и прочность конструкций автомобилей и тракторов,h,,
ДОБРОВОЛЬНАЯ ПОЖАРНАЯ ОХРАНА,Добровольная пожарная охрана,h,,
ДОКУМЕНТООБОРОТ И НОРМИРОВАНИЕ ПРИ ПРОИЗВОДСТВЕ МЖП,Документооборот и нормирование при производстве МЖП,h,,
ДОПОЛНИТЕЛЬНЫЕ ОТРАСЛИ ЖИВОТНОВОДСТВА,Дополнительные отрасли животноводства,h,,
Декоративное рыбоводство,Декоративное рыбоводство,h,,
Деловой иностранный язык,Деловой иностранный язык,h,,
Деловой этикет,Деловой этикет,h,,
"Деньги, кредит, банки","Деньги, кредит, банки",h,,
Дешифровывание аэрокомических изображений,Дешифрирование аэрокосмических изображений,h,,опечатка «аэрокомических»
Диагности и контроль технического состояния автомобилей и тракторов,Диагностика и контроль технического состояния автомобилей и тракторов,h,,опечатка «Диагности» стала каноном
Дилерская служба в техническом сервисе,Дилерская служба в техническом сервисе,h,,
Динамика и прочность конструкций автомобилей и тракторов,Динамика и прочность конструкций автомобилей и тракторов,h,,
Добровольная пожарная охрана,Добровольная пожарная охрана,h,,
Документооборот и нормирование при производстве МЖП,Документооборот и нормирование при производстве МЖП,h,,
ЗАПОВЕДНОЕ ДЕЛО,Заповедное дело,h,,
ЗАЩИТА ИНТЕЛЛЕКТУАЛЬНО СОБСТВЕННОСТИ И ПАТЕНТОВЕДЕНИЕ,Защита интеллектуальной собственности и патентоведение,h,,
ЗАЩИТА ИНТЕЛЛЕКТУАЛЬНОЙ СОБСТВЕННОСТИ ПРИ ПРОИЗВОД.ПРОДУКТОВ ИЗ РАСТ. СЫРЬЯ,Защита интеллектуальной собственности при производстве продуктов из растительного сырья,h,,
ЗАЩИТА РАСТЕНИЙ,Защита растений,h,,
ЗАЩИТА РАСТЕНИЙ ОТ БОЛЕЗНЕЙ И ВРЕДИТЕЛЕЙ,Защита растений от вредителей и болезней,h,,другой порядок слов; Лялина
ЗАЩИТА РАСТЕНИЙ ОТ ВРЕДИТЕЛЕЙ И БОЛЕЗНЕЙ,Защита растений от вредителей и болезней,h,,
ЗАЩИТА РАСТЕНИЙ СЕМЕННЫХ ПОСЕВОВ,Защита растений семенных посевов,h,,
ЗАЩИТНОЕ ЛЕСОРАЗВЕДЕНИЕ,Защитное лесоразведение,h,,
"ЗДАНИЯ, СООРУЖЕНИЯ И ИХ УСТОЙЧИВОСТЬ ПРИ ПОЖАРЕ","Здания, сооружения и их устойчивость при пожаре",h,,регистр
ЗЕМЕЛЬ,Агрономические основы использования мелиорируемых земель,l,,"обрывок названия; Молчанова, ауд. 608"
ЗЕМЛЕДЕЛИЕ,Земледелие,h,,
ЗЕМЛЕУСТР. ЭКСПЕРТИЗА,Землеустроительная экспертиза,h,,сокращение; канон был с опечаткой
ЗЕМЛЕУСТРОИТЕЛЬНОЕ ПРОЕКТИРОВАНИЕ,Землеустроительное проектирование,h,,точка в конце канона
ЗОНАЛЬНЫЕ СИСТЕМЫ УДОБРЕНИЙ,Зональные системы удобрений,h,,
ЗООГИГИЕНА,Зоогигиена,h,,
ЗООЛОГИЯ,Зоология,h,,
ЗООПСИХОЛОГИЯ,Зоопсихология,h,,
Защита интеллектуальной собственности и патентоведение,Защита интеллектуальной собственности и патентоведение,h,,
Защита интеллектуальной собственности при производстве продуктов из растительного сырья,Защита интеллектуальной собственности при производстве продуктов из растительного сырья,h,,
Защита растений от болезней и вредителей,Защита растений от вредителей и болезней,h,,другой порядок слов; Лялина
Защита растений от вредителей и болезней,Защита растений от вредителей и болезней,h,,
Защита растений сем. посевов,Защита растений семенных посевов,h,,
Защитное лесоразведение,Защитное лесоразведение,h,,
Земледелие,Земледелие,h,,
Землеустроительая экспертиза,Землеустроительная экспертиза,h,,опечатка «землеустроительая»
Землеустроительное проектирование,Землеустроительное проектирование,h,,точка в конце канона
Землеустроительное проектирование.,Землеустроительное проектирование,h,,точка в конце
Зональные системы удобрений,Зональные системы удобрений,h,,
Зональные технологии паркостроения,Зональные технологии паркостроения,h,,
Зоогигиена,Зоогигиена,h,,
Зоология,Зоология,h,,
Зоопсихология,Зоопсихология,h,,
ИДЕНТИФИКАЦИЯ ПРОЦЕССОВ В ПТС,Идентификация процессов в ПТС,h,,
ИММУНИТЕТ РАСТЕНИЙ К ВРЕДНЫМ ОРГАНИЗМАМ,Иммунитет растений к вредным организмам,h,,канон был с опечаткой
ИММУНОБИОЛОГИЧЕСКИЕ ПРЕПАРАТЫ НА ОСНОВЕ МИКРООРГАНИЗМОВ,Иммунобиологические препараты на основе микроорганизмов,h,,
ИНВЕСТИЦИОННЫЙ МЕНЕДЖМЕНТ В АПК,Инвестиционный менеджмент в АПК,h,,регистр аббревиатуры
ИНДУСТРИАЛЬНОЕ РЫБОВОДСТВО,Индустриальное рыбоводство,h,,
ИНДУСТРИАЛЬНОЕ РЫБОЛОВСТВО,Индустриальное рыболовство,l,,правила ошибочно склеили с «рыбоводством» — разные дисциплины
ИНЖЕНЕРНАЯ ГРАФИКА И ТОП. ЧЕРЧЕНИЕ,Инженерная графика и топографическое черчение,h,,
ИНЖЕНЕРНАЯ ЗАЩИТА ТЕРРИТОРИЙ И СООРУЖЕНИЙ,Инженерная защита территорий и сооружений,h,,
ИНЖЕНЕРНАЯ ФИЗИКА,Инженерная физика,h,,
ИНЖЕНЕРНО-МЕЛИОРАТИВНЫЕ МЕРОПРИЯТИЯ И СООРУЖЕНИЯ,Инженерно-мелиоративные мероприятия и сооружения,h,,
ИНЖЕНЕРНО-ЭКОНОМИЧЕСКОЕ ОБОСНОВАНИЕ ПРОЕКТНЫХ РЕШЕНИЙ,Инженерно-экономическое обоснование проектных решений,h,,
ИНЖЕНЕРНОЕ ОБЕСПЕЧЕНИЕ БИОТЕХНОЛОГИЧЕСКИХ ПРОЦЕССОВ,Инженерное обеспечение биотехнологических процессов,h,,
ИННОВАЦ. ТЕХНОЛОГИИ ПР-ВА ЗЕРНА,Инновационные технологии производства зерна,h,,сокращения
ИННОВАЦИИ В СФЕРЕ ПЕРЕРАБОТКИ ЭФИРОМАСЛИЧНОГО И МАСЛИЧНОГО СЫРЬЯ,Инновации в сфере переработки эфиромасличного и масличного сырья,h,,канон был с ошибкой
ИННОВАЦИОНННЫЙ МЕНЕДЖМЕНТ АПК,Инновационный менеджмент АПК,h,,
ИННОВАЦИОННЫЕ ТЕХНОЛОГИИ ПРОИЗВОДСТВА ОРГАНИЧЕСКОЙ ПРОДУКЦИИ ЖИВОТНОВОДСТВА,Инновационные технологии производства органической продукции животноводства,h,,
ИННОВАЦИОННЫЙ МЕНЕДЖМЕНТ АПК,Инновационный менеджмент АПК,h,,
ИНСТР. МЕТОДЫ ИССЛЕД.,Инструментальные методы исследований,h,,сокращения; Сергеева
ИНСТРУМЕНТАЛЬНЫЕ МЕТОДЫ ИССЛЕД.,Инструментальные методы исследований,h,,сокращение «ИССЛЕД.»
ИНСТРУМЕНТАЛЬНЫЕ МЕТОДЫ ИССЛЕДОВАНИЙ,Инструментальные методы исследований,h,,
ИНСТРУМЕНТЫ УПРАВЛЕНИЯ КАЧЕСТВОМ,Инструменты управления качеством,h,,
ИНТЕЛЕКТУАЛЬНЫЕ СИСТЕМЫ,Интеллектуальные системы,h,,опечатка «интелектуальные» стала каноном
ИНТЕНСИВНЫЕ ГИБРИДЫ И ТЕХНОЛОГИИ ПРОИЗВОДСТВА МАСЛИЧНОГО СЫРЬЯ,Интенсивные гибриды и технологии производства масличного сырья,h,,
ИНТЕНСИФИКАЦИЯ ПРОИЗВОДСТВА СВИНИНЫ,Интенсификация производства свинины,h,,
ИНТЕРНЕТ ВЕЩЕЙ В ПРОМЫШЛЕННОСТИ 4.0,Интернет вещей в промышленности 4.0,h,,
ИНТЕРНЕТ И WEB-ПРОГРАММИРОВАНИЕ,Интернет и технологии web-программирования,h,,"Моршнев, ауд. 294 — та же дисциплина"
ИНТЕРФЕЙСЫ ИНФОРМАЦ. СЕТЕЙ,Интерфейсы информационных сетей,h,,
ИНФОРМАТИК,Информатика,h,,разрядка обрезала последнюю букву
ИНФОРМАТИКА,Информатика,h,,
ИНФОРМАЦИОННАЯ БЕЗОПАСНОСТЬ,Информационная безопасность,h,,
ИНФОРМАЦИОННОЕ ОБЕСПЕЧЕНИЕ ЛД,Информационное обеспечение лесного дела,h,,«ЛД» = лесное дело; Козаченко
ИНФОРМАЦИОННОЕ ОБЕСПЕЧЕНИЕ ЛЕСНОГО ДЕЛА,Информационное обеспечение лесного дела,h,,
ИНФОРМАЦИОННЫЕ СИСТЕМЫ КАДАСТРА И МОНИТОРИНГА,Информационные системы кадастра и мониторинга,h,,
ИНФОРМАЦИОННЫЕ ТЕХНОЛОГИИ СБОРА И ОБРАБОТКИ ДАННЫХ,Информационные технологии сбора и обработки данных,h,,регистр
ИСПОЛЬЗОВАНИЕ СОВРЕМЕННЫХ ИНФОРМАЦИОННЫХ СИСТЕМ,Использование современных информационных систем,h,,
ИСПЫТАНИЕ АВТОМОБИЛЕЙ И ТРАКТОРОВ,Испытание автомобилей и тракторов,h,,
ИСПЫТАНИЯ АВТОМОБИЛЕЙ И ТРАКТОРОВ,Испытание автомобилей и тракторов,h,,
ИССЛЕДОВАНИЕ ОРОСИТЕЛЬНЫХ СИСТЕМдоц.,Исследование оросительных систем,h,,к названию приклеилось звание «доц.»
ИССЛЕДОВАНИЕ СОВРЕМЕННЫХ СИСТЕМ ВЕНТИЛЯЦИИ,Исследование современных систем вентиляции,h,,
ИСТОРИЯ МИРОВОЙ КУЛЬТУРЫ,История мировой культуры,h,,
ИСТОРИЯ РАЗВИТИЯНАУКИ УПРАВЛЕНИЯКАЧЕСТВОМ,История развития науки управления качеством,h,,
ИСТОРИЯ РОССИИ,История России,h,,
ИСТОРИЯ САДОВО-ПАРКОВОГО И-ВА,История садово-паркового искусства,h,,сокращение «И-ВА»
ИСТОРИЯРОССИИ,История России,h,,
ИСТОЧНИКИ И СИСТЕМЫ ТЕПЛОСНАБЖЕНИЯ ПРЕДПРИЯТИЙ,Источники и системы теплоснабжения предприятий,h,,
ИХТИОЛОГИЯ,Ихтиология,h,,
ИХТИОТОКСИКОЛОГИЯ,Ихтиотоксикология,h,,
ИХТИОТОКСОКОЛОГИЯ,Ихтиотоксикология,h,,
Идентификация процессов в ПТС,Идентификация процессов в ПТС,h,,
Иммнитет растений к вредным организмам,Иммунитет растений к вредным организмам,h,,опечатка «иммнитет» стала каноном
Иммунобиологические препараты на основе микроорганизмов,Иммунобиологические препараты на основе микроорганизмов,h,,
Ин. язык,Иностранный язык,h,,сокращение «Ин.»
Инвестиционный менеджмент в апк,Инвестиционный менеджмент в АПК,h,,регистр аббревиатуры
Индустриальное рыбоводство,Индустриальное рыбоводство,h,,
Индустриальное рыболовство,Индустриальное рыболовство,l,,правила ошибочно склеили с «рыбоводством»
Инженерная графика и топографическое черчение,Инженерная графика и топографическое черчение,h,,
Инженерная защита территорий и сооружений,Инженерная защита территорий и сооружений,h,,
Инженерная физика,Инженерная физика,h,,
Инженерное обеспечение биотехнологических процессов,Инженерное обеспечение биотехнологических процессов,h,,раньше с «352.31»
Инновации в сфере переработка эфиромасличного и масличного сырья,Инновации в сфере переработки эфиромасличного и масличного сырья,h,,грамматика канона
Инновационные технологии производства зерна,Инновационные технологии производства зерна,h,,
Инновационный менеджмент АПК,Инновационный менеджмент АПК,h,,
Иностанный язык,Иностранный язык,h,,
Иностранный язык,Иностранный язык,h,,
Иностранный язык в деловой и научной коммуникации,Иностранный язык в деловой и научной коммуникации,h,,
Иностранный язык в проф. деятельности,Иностранный язык в профессиональной деятельности,h,,сокращение; раньше «проф.» вырезалось как звание
Иностранный язык в профессионалной деятельности,Иностранный язык в профессиональной деятельности,h,,
Иностранный язык в профессиональной деятельности,Иностранный язык в профессиональной деятельности,h,,
Иностраный язык,Иностранный язык,h,,
Иностраный язык в профессиональной деятельности,Иностранный язык в профессиональной деятельности,h,,
Инструментальные методы исследований,Инструментальные методы исследований,h,,
Инструменты управления качеством,Инструменты управления качеством,h,,
Интенсивные гибриды и технологии производства масличного сырья,Интенсивные гибриды и технологии производства масличного сырья,h,,
Интенсификация производства свинины,Интенсификация производства свинины,h,,
Интернет и технологии Web-программирования,Интернет и технологии web-программирования,h,,регистр
Интерфейсы информационных сетей,Интерфейсы информационных сетей,h,,
Информатика,Информатика,h,,
Информатика .,Информатика,h,,
Информационная безопасность,Информационная безопасность,h,,
Информационное обеспечение лесного дела,Информационное обеспечение лесного дела,h,,
Информационные системы кадастра и мониторинга,Информационные системы кадастра и мониторинга,h,,
Искусственный интеллектв бизнес среде,Искусственный интеллект в бизнес-среде,h,,слипшиеся слова
Использование информационных систем,Использование современных информационных систем,h,,"обрезанное название; Москаленко, ауд. 410"
Использование современных информационных систем,Использование современных информационных систем,h,,
Испытания автомобилей и тракторов,Испытание автомобилей и тракторов,h,,
История России,История России,h,,
История мировой культуры,История мировой культуры,h,,
История развития науки управления качеством,История развития науки управления качеством,h,,
Источники и системы теплоснабжения предприятий,Источники и системы теплоснабжения предприятий,h,,
Ихтиология,Ихтиология,h,,
Ихтиотоксикология,Ихтиотоксикология,h,,
КАДАСТР НЕДВИЖИМОСТИ,Кадастр недвижимости,h,,
КАДАСТРОВАЯ ДЕЯТЕЛЬНОСТЬ,Кадастровая деятельность,h,,
КАДАСТРОВАЯ ОЦЕНКА ОБЪЕКТОВ НЕДВИЖИМОСТИ,Кадастровая оценка объектов недвижимости,h,,
КАДРОВЫЙ МЕНЕДЖМЕНТ,Кадровый менеджмент,h,,
КАРАНТИН РАСТЕИЙ,Карантин растений,h,,
КАРТОГРАФИЯ С ОСНОВАМИ ТОПОГРАФИИ,Картография с основами топографии,h,,
КВАНТОВЫЕ КОМПЬЮТЕРЫ И ВЫЧИСЛ.,Квантовые компьютеры и вычисления,h,,сокращение «ВЫЧИСЛ.»
КЛИНИЧЕСКАЯ ДИАГНОСТИКА,Клиническая диагностика,h,,
КОМПЛЕКС. ЭКОЛОГ.МОНИТОРИНГ,Комплексный экологический мониторинг,h,,сокращения; Сергеева
КОМПЛЕКСНЫЕ МЕЛИОРАЦИИ,Комплексные мелиорации,h,,
КОМПЛЕКСНЫЙ АНАЛИЗ ХОЗЯЙСТВЕННОЙ ДЕЯТЕЛЬНОСТИ,Комплексный анализ хозяйственной деятельности,h,,
КОМПЬЮТЕРНОЕ МОДЕЛИРОВАНИЕ,Компьютерное моделирование сложных систем,l,,"обрезанное название; Розанов, ауд. 113"
КОНДИЦИОНИРОВАНИЕ,Кондиционирование и холодоснабжение,l,,обрезанное название; Спиридонова
КОНЕВОДСТВО,Коневодство,h,,
КОНСТРУКТИВНАЯ БЕЗОПАСНОСТЬ АВТОМОБИЛЕЙ И ТРАКТОРОВ,Конструктивная безопасность автомобилей и тракторов,h,,
КОНСТРУКТОРСКАЯ ДОКУМЕНТАЦИЯ,Конструкторская документация,h,,
КОНСТРУКЦИОННЫЕ И ЗАЩИТНО-ОТДЕЛОЧНЫЕ МАТЕР,Конструкционные и защитно-отделочные материалы,h,,сокращение «МАТЕР»
КОНСТРУКЦИЯ АВТО И ТРАКТОРОВ,Конструкция автомобилей и тракторов,h,,
КОНСТРУКЦИЯ АГРОРОБОТИЗИРОВАННЫХ СРЕДСТВ И КОМПЛЕКСОВ,Конструкция агророботизированных средств и комплексов,h,,
КОНТРОЛЬ И РЕВИЗИЯ,Контроль и ревизия,h,,
КОНТРОЛЬ КАЧЕСТВА ТЕХНОЛОГИЧЕСКИХ ПРОЦЕССОВ,Контроль качества технологических процессов,h,,
КОРМЛЕНИЕ ЖИВОТНЫХ С ОСНОВАМИ КОРМОПРОИЗВОДСТВА,Кормление животных с основами кормопроизводства,h,,регистр
КОРМЛЕНИЕ С/Х ЖИВОТНЫХ,Кормление сельскохозяйственных животных,h,,сокращение «С/Х»
КОРМОПРОИЗВОДСТВО,Кормопроизводство,h,,
КОРПОРАТИВНЫЕ ФИНАНСЫ,Корпоративные финансы,h,,
КОРПОРАТИВНЫЙ МЕНЕДЖМЕНТ В АГРОБИЗНЕСЕ,Корпоративный менеджмент в агробизнесе,h,,
Кадастр недвижимости,Кадастр недвижимости,h,,
Кадастровая деятельность,Кадастровая деятельность,h,,
Кадровый менеджмент,Кадровый менеджмент,h,,
Карантин растений,Карантин растений,h,,
Картография с основами топографии,Картография с основами топографии,h,,
Клин.анатомия,Клиническая анатомия,h,,сокращение «Клин.»
Клин.анатомияА .1Д .п/г,Клиническая анатомия,h,,мусор подгруппы «А .1Д .п/г»
Клин.диагностика,Клиническая диагностика,h,,сокращение «Клин.»
Комплексный анализ ХД,Комплексный анализ хозяйственной деятельности,h,,«ХД» = хозяйственной деятельности; Шарикова
Комплексный анализ хозяйственной деятельности,Комплексный анализ хозяйственной деятельности,h,,
Комплексный экологический монитолринг,Комплексный экологический мониторинг,h,,опечатка «монитолринг»
Компьютерное моделированиебиотехнологических производств,Компьютерное моделирование биотехнологических производств,h,,слипшиеся слова
Коневодство,Коневодство,h,,
Контроль и ревизия,Контроль и ревизия,h,,
Контроль качества технологических процессов,Контроль качества технологических процессов,h,,
Кормление,Кормление,h,,
Кормление с/х животных,Кормление сельскохозяйственных животных,h,,сокращение «с/х»
Кормопроизводство,Кормопроизводство,h,,
Корпоративные финансы,Корпоративные финансы,h,,
Корпоративный менеджмент в агробизнесе,Корпоративный менеджмент в агробизнесе,h,,
ЛАБОРАТОРНЫЕ МЕТОДЫ ИССЛЕДОВАНИЙ В АГРОНОМИИ,Лабораторные методы исследований в агрономии,h,,регистр
ЛАБОРАТОРНЫЕ МЕТОТЫ ИССЛЕДОВАНИЙ,Лабораторные методы исследований в агрономии,h,,опечатка «МЕТОТЫ»; Субботин
ЛАНДШАФТНОЕ ПРОЕКТИРОВАНИЕ,Ландшафтное проектирование,h,,
ЛАНДШАФТОВЕДЕНИЕ,Ландшафтоведение,h,,
ЛЕСНАЯ ПИРОЛОГИЯ,Лесная пирология и тушение лесных пожаров,l,,обрезанное название; Козаченко
ЛЕСНАЯ ПИРОЛОГИЯ И ТУШЕНИЕ ЛЕСНЫХ ПОЖАРОВ,Лесная пирология и тушение лесных пожаров,h,,
ЛЕСНАЯ СЕЛЕКЦИЯ,Лесная селекция,h,,
ЛЕСНОЕ СЕМЕНОВОДСТВО,Лесное семеноводство,h,,
ЛЕСНОЕ ТОВАРОВЕДЕНИЕ,Лесное товароведение,h,,
ЛЕСОВЕДЕНИЕ,Лесоведение,h,,
ЛЕСОВОДСТВО,Лесоводство,h,,
ЛЕСОМЕЛИОРАЦИЯ ЛАНДШАФТОВ,Лесомелиорация ландшафтов,h,,
ЛЕСОПОЖАРНАЯ ТЕХНИКА,Лесопожарная техника,h,,
ЛОГИСТИКА,Логистика,h,,
Лаб.диагност.,Лабораторная диагностика,h,,сокращение «Лаб.диагност.»
Лабораторная диагностика,Лабораторная диагностика,h,,
Лабораторные методы исследований,Лабораторные методы исследований в агрономии,l,,обрезанное название
Лабораторные методы исследований в агрономии,Лабораторные методы исследований в агрономии,h,,
Ландшафтное проектирование,Ландшафтное проектирование,h,,
Ландшафтоведение,Ландшафтоведение,h,,
Латинский язык,Латинский язык,h,,
Лесомелиорация ландшафтов,Лесомелиорация ландшафтов,h,,
Лесопожарная техника,Лесопожарная техника,h,,
Лидерство,Лидерство,h,,
Лицензирование и сертификация на автомобильном транспорте,Лицензирование и сертификация на автомобильном транспорте,h,,
Логистика,Логистика,h,,
МАКРОЭКОНОМИКА,Макроэкономика,h,,
МАРКЕТИНГ,Маркетинг,h,,
МАРКЕТИНГОВЫЕ ИССЛЕДОВАНИЯ,Маркетинговые исследования,h,,
МАТЕМАТ. МОДЕЛИР. И АНАЛИЗ ДАННЫХ,Математическое моделирование и анализ данных,h,,
МАТЕМАТИКА,Математика,h,,
МАТЕМАТИКА (БАЗОВЫЙ УРОВЕНЬ),Математика (базовый уровень),h,,
МАТЕМАТИКА (баз.уровень),Математика (базовый уровень),h,,
МАТЕМАТИКА (базовый уровень),Математика (базовый уровень),h,,
МАТЕМАТИЧЕСКОЕ МОДЕЛИРОВАНИЕ,Математическое моделирование,h,,
МАТЕМАТИЧЕСКОЕ МОДЕЛИРОВАНИЕ И АНАЛИЗ ДАННЫХ,Математическое моделирование и анализ данных,h,,
МАТЕРИАЛОВЕДЕНИЕ,Материаловедение,h,,
МАТЕРИАЛОВЕДЕНИЕ И ТЕХНОЛОГИЯ КОНСТРУКЦИОННЫХ МАТЕРИАЛОВ,Материаловедение и технология конструкционных материалов,h,,
МАТЕРИАЛЬНО-ТЕХНИЧЕСКОЕ ОБЕСПЕЧЕНИЕ ТЕХНИЧЕСКОЙ ЭКСПЛУАТАЦИИ АГРОТЕХНИКИ,Материально-техническое обеспечение технической эксплуатации агротехники,h,,регистр; раньше с маркером «ек.»
МАШИННОЕ ОБУЧЕНИЕ професор,Машинное обучение,h,,приклеилось звание с опечаткой «професор»
МАШИНЫ И ОБОР В ЖИВ,Машины и оборудование в животноводстве,h,,сокращения; Данилин
МАШИНЫ И ОБОРУДОВАНИЕ ДЛЯ ПРИРОДООБУСТР И ВОДОПОЛЬЗ.,Машины и оборудование для природообустройства и водопользования,h,,сокращения
МАШИНЫ И СРЕДСТВА В РАСТЕНИЕВОДСТВЕ И ЖИВОТНОВОДСТВЕ,Машины и средства в растениеводстве и животноводстве,h,,
"МАШИНЫ, ТЕХНОЛ. ОБОРУДОВАНИЕ","Машины, технологическое оборудование",h,,
МЕЖДУНАРОДНЫЕ СТАНДАРТЫ ФИНУЧЕТА И ОТЧЕТНОСТИ,Международные стандарты финансового учета и отчетности,h,,сокращение «финучета»
МЕЖДУНАРОДНЫЙ МАРКЕТИНГ,Международный маркетинг в АПК,l,,обрезанное название
МЕЛИОРАТИВНАЯ ГИДРОГЕОЛОГИЯ,Мелиоративная гидрогеология,h,,
МЕНЕДЖМЕНТ,Менеджмент,h,,
МЕРЧЕНДАЙЗИНГ ПРОД. ТОВАРОВ,Мерчендайзинг продовольственных товаров,h,,сокращение «прод.»
МЕРЧЕНДАЙЗИНГ ПРОДОВООЛЬСТВЕННЫХ ТОВАРОВ,Мерчендайзинг продовольственных товаров,h,,опечатка «продовоольственных»
МЕТОД. И МЕТОДЫ ПРОВЕДЕНИЯ НАУЧ. ИССЛЕД.,Методология и методы проведения научных исследований,h,,
МЕТОДИКА ПОДГОТОВКИ ТРАКТОРИСТА-МАШИНИСТА,Методика подготовки тракториста-машиниста,h,,
МЕТОДИКА ПРЕПОДАВАНИЯ В ВЫСШЕЙ ШКОЛЕ,Методика преподавания в высшей школе,h,,
МЕТОДОЛОГИЧЕСКИЕ ОСНОВЫ РАЗРАБОТКИ НОВЫХ ВИДОВ МЯСНОЙ И МОЛОЧНОЙ ПРОДУКЦИИ,Методологические основы разработки новых видов мясной и молочной продукции,h,,
МЕТОДОЛОГИЯ И МЕТОДЫ ПРОВЕДЕНИЯ НАУЧ. ИССЛЕДОВАНИЙ,Методология и методы проведения научных исследований,h,,
МЕТОДОЛОГИЯ И МЕТОДЫ ПРОВЕДЕНИЯ НАУЧНЫХ ИССЛЕДОВАНИЙ,Методология и методы проведения научных исследований,h,,
МЕТОДОЛОГИЯ НАУКИ О ПИТАНИИ,Методология науки о питании,h,,
МЕТОДЫ АНАЛИЗА КСЕНОБИОТИКОВ,Методы анализа ксенобиотиков,h,,
МЕТОДЫ И МЕТОДОЛОГИЯ Н И,Методы и методология научных исследований,h,,сокращение «Н И»; Корсак
МЕТОДЫ И СРЕДСТВА ИЗМЕРЕНИЙ И КОНТРОЛЯ ТЕХНОЛОГИЧЕСКИХ ПРОЦЕССОВ,Методы и средства измерений и контроля технологических процессов,h,,канон был с опечаткой
МЕТОДЫ И ТЕХНИЧЕСКИЕ СРЕДСТВА,Методы и технические средства,h,,
МЕТОДЫ ИССЛЕДОВАНИЯ В БИОТЕХНОЛОГИИ,Методы исследования в биотехнологии,h,,
МЕТОДЫ ИССЛЕДОВАНИЯ СЫРЬЯ И ПИЩЕВЫХ ПРОДУКТОВ,Методы исследования сырья и пищевых продуктов,h,,регистр
МЕТОДЫ КОНТРОЛЯ и СЕРТИФИКАЦИИ БИОТЕХНОЛОГИЧЕСКИХ ПРОДУКТОВ,Методы контроля и сертификации биотехнологических продуктов,h,,
МЕТОДЫ НАУЧНЫХ ИССЛЕДОВАНИЙ В ЗЕМЛЕУСТРОЙСТВЕ И КАДАСТРАХ,Методы научных исследований в землеустройстве и кадастрах,h,,
МЕТОДЫ ПОЛУЧЕНИЯ ПРОМЫШЛЕННЫХ ШТАММОВ МИКРООРГАНИЗМОВ,Методы получения промышленных штаммов микроорганизмов,h,,
МЕТОДЫ ПОЧВЕННЫХ И АГРОХИМИЧЕСКИХ ИССЛЕДОВАНИЙ,Методы почвенных и агрохимических исследований,h,,регистр
МЕТОДЫ ПРОФИЛАКТИКИ ОСНОВНЫХ ЗАБОЛЕВАНИЙ ГИДРОБИОНТОВ,Методы профилактики основных заболеваний гидробионтов,h,,канон был с опечатками
МЕТОДЫ РЕШЕНИЯ ИЗОБРЕТАТЕЛЬСКИХ ЗАДАЧ В ПТС,Методы решения изобретательских задач в ПТС,h,,
МЕТОДЫ РЕШЕНИЯ НТЗ,Методы решения научно-технических задач,h,,«НТЗ» = научно-технических задач
"МЕТРОЛОГИЯ, СТАНДАРТИЗАЦИЯ, СЕРТИФИКАЦИЯ","Метрология, стандартизация, сертификация",h,,
"МЕТРОЛОГИЯ,СТАНДАРТ И ТЕХ ИЗМ","Метрология, стандартизация и технические измерения",h,,сокращения
МЕХАНИЗАЦИЯ И АВТОМАТИЗАЦИЯ ЖИВОТНОВОДСТВА,Механизация и автоматизация животноводства,h,,
МЕХАНИКА,Механика,h,,
"МЕХАНИКА ГРУНТОВ, ОСНОВАНИЯ И ФУНДАМЕНТЫ","Механика грунтов, основания и фундаменты",h,,
МЕХАНИКА. МЕХАНИКА ГРУНТОВ,Механика. Механика грунтов,h,,
МЕХАНИКА. ТЕХН.МЕХ.,Механика. Техническая механика,h,,сокращение «ТЕХН.МЕХ.»
МЕХАНИКА. ТЕХНИЧ. МЕХАН.,Механика. Техническая механика,h,,сокращение
МЕХАНИКА.СОПРОТИВЛЕНИЕ МАТЕРИАЛОВ,Механика. Сопротивление материалов,h,,
МИКОЛОГИЯ,Микология,h,,
МИКРОБИОЛОГИЯ,Микробиология,h,,
МИКРОБИОЛОГИЯ И ЭПИДЕМИОЛОГИЯ В ОБЛАСТИ ПИТАНИЯ,Микробиология и эпидемиология в области питания,h,,
МИКРОБИОЛОГИЯ МЯСА И МЯСНЫХ ПРОДУКТОВ,Микробиология мяса и мясных продуктов,h,,
МИКРОИНГРЕДИЕНТЫ ДЛЯ ПРОИЗВОДСТВА МАСЛОЖИРОВОЙ ПРОДУКЦИИ,Микроингредиенты для производства масложировой продукции,h,,
МИКРОКОНТРОЛЛЕРЫ И МИКРОПРОЦЕССОРЫ,Микроконтроллеры и микропроцессоры,h,,
МИКРОМАШИНЫ,Микромашины,h,,
МИКРОПРОЦЕССОРНЫЕ СИСТЕМЫ,Микропроцессорные системы защиты,l,,"обрезанное название; Волгин, ауд. 304"
МИКРОПРОЦЕССОРЫ И СПЕЦИАЛЬНЫЕ ЭЛ. УСТРОЙСТВА,Микропроцессоры и специальные эл.устройства,h,,
МИКРОЭКОНОМИКА,Микроэкономика,h,,правила ошибочно склеили с «Макроэкономикой» — разные дисциплины
МИРОВАЯ ЭКОНОМИКА И МЭО,Мировая экономика и международные экономические отношения,h,,«МЭО»
МИРОВЫЕ ДОСТИЖЕНИЯ,Мировые достижения в генетике и селекции,l,,обрезанное название
МОДЕЛИРОВ. ЭЛЕКТРОТЕХ. КОМПЛЕКС.В ЖИВОТН,Моделирование электротехнических комплексов в животноводстве,h,,сокращения; Чурляева
МОДЕЛИРОВАНИЕ ЭЛЕКТРОТЕХ. КОМПЛЕКС.,Моделирование электротехнических комплексов в животноводстве,l,,сокращения; Чурляева
МОДЕРНИЗАЦИЯ ЦЕНТРОВ,Модернизация центров,h,,
"МОДУЛЬ. ОБОРУДОВАНИЕ ПРЕДПРИЯТИЙ ОБЩЕСТВЕННОГО ПИТАНИЯ. МЕХАНИЧЕСКОЕ, ТЕПЛОВОЕ, ТОРГОВОЕ ОБОРУДОВАНИЕ","Модуль. Оборудование предприятий общественного питания. Механическое, тепловое, торговое оборудование",h,,регистр
МОЛЕКУЛЯРНО-ГЕНЕТИЧЕСКИЕ ОСНОВЫ СОВРЕМЕННОЙ БИОТЕХНОЛОГИИ,Молекулярно-генетические основы современной биотехнологии,h,,
МОНИТОРИНГ ЗЕМЕЛЬ И НЕДВИЖИМОСТИ,Мониторинг земель и недвижимости,h,,
МОНИТОРИНГ И ЭКСПЕРТИЗА В АКВАКУЛЬТУРЕ,Мониторинг и экспертиза в аквакультуре,h,,
МОНИТОРИНГ ОБЪЕКТОВ ЛАНДШАФТНОЙ АРХИТЕКТУРЫ,Мониторинг объектов ландшафтной архитектуры в урболандшафтах,l,,обрезанное название; Андрушко
МОНТАЖ ЭЛЕКТРООБОРУДОВАНИЯ,Монтаж электрооборудования и средств автоматизации,l,,обрезанное название
"МОНТАЖ, ПУСК И НАЛАДКА ЭНЕРГЕТИЧЕСКОГО ОБОРУДОВАНИЯ","Монтаж, пуск и наладка энергетического оборудования",h,,
МОРФОЛОГИЯ ЖИВОТНЫХ,Морфология животных,h,,
МОРФОЛОГИЯ И ФИЗИОЛОГИЯ СЕЛЬСКОХОЗЯЙСТВЕННЫХ ЖИВОТНЫХ,Морфология и физиология сельскохозяйственных животных,h,,регистр
Макроэкономика,Макроэкономика,h,,
Маркетинг,Маркетинг,h,,
Маркетинговые исследования,Маркетинговые исследования,h,,
Математика,Математика,h,,
Математика (базовый уровень),Математика (базовый уровень),h,,
Математическое моделирование и анализ данных,Математическое моделирование и анализ данных,h,,
Материально-техническое обеспечение технической эксплуатации агротехники,Материально-техническое обеспечение технической эксплуатации агротехники,h,,
Машинное обучение,Машинное обучение,h,,
Международные стандарты финучета и отчетности,Международные стандарты финансового учета и отчетности,h,,сокращение «финучета»
Международный маркетинг в АПК,Международный маркетинг в АПК,h,,
Менеджмент,Менеджмент,h,,
Мерчендайзинг прод. товаров,Мерчендайзинг продовольственных товаров,h,,сокращение «прод.»
Методика преподавания в высшей школе,Методика преподавания в высшей школе,h,,
Методол. и методы провед. научн. исследований,Методология и методы проведения научных исследований,h,,
Методологические основы разработки новых видов мясной и молочной продукции,Методологические основы разработки новых видов мясной и молочной продукции,h,,
Методология и методы провед. научных исследований,Методология и методы проведения научных исследований,h,,
Методология и методы проведения научных исследований,Методология и методы проведения научных исследований,h,,
Методология науки о питании,Методология науки о питании,h,,
Методы агрохимических и почвенных анализов,Методы почвенных и агрохимических исследований,l,,"другая формулировка; Губов, ауд. 610"
Методы анализа ксенобиотиков,Методы анализа ксенобиотиков,h,,
Методы и средства измереений и контроля технологических процессов,Методы и средства измерений и контроля технологических процессов,h,,опечатка «измереений» стала каноном
Методы исследования в биотехнологии,Методы исследования в биотехнологии,h,,
Методы контроля и сертификации биотехнологических продуктов,Методы контроля и сертификации биотехнологических продуктов,h,,
Методы научных исследований,Методы научных исследований,h,,
Методы научных исследований в землеустройстве и кадастрах,Методы научных исследований в землеустройстве и кадастрах,h,,
Методы получения промышленных штаммов микроорганизмов,Методы получения промышленных штаммов микроорганизмов,h,,
Методы профилактики основныых заболеваний гидробионот,Методы профилактики основных заболеваний гидробионтов,h,,"опечатки «основныых», «гидробионот»"
Методы решения изобретательских задач в ПТС,Методы решения изобретательских задач в ПТС,h,,
Механизация и автоматизация животноводства,Механизация и автоматизация животноводства,h,,
Механика. Сопротивление материалов,Механика. Сопротивление материалов,h,,
Микология,Микология,h,,
Микробиология,Микробиология,h,,
Микробиология и эпидемиология в области питания,Микробиология и эпидемиология в области питания,h,,
Микробиология мяса и мясных продуктов,Микробиология мяса и мясных продуктов,h,,
Микроингредиенты для производства масложировой продукции,Микроингредиенты для производства масложировой продукции,h,,
Микроэкономика,Микроэкономика,h,,правила ошибочно склеили с «Макроэкономикой»
Мировая экономика и МЭО,Мировая экономика и международные экономические отношения,h,,«МЭО»
Мировые достижения в генетике и селекции,Мировые достижения в генетике и селекции,h,,
Моделирование процессов в землеустройстве и кадастрах,Моделирование процессов в землеустройстве и кадастрах,h,,
Моделирование прцесов в сфере общественного питания,Моделирование процессов в сфере общественного питания,h,,опечатка «прцесов»
Молекулярно-генетические основы современной биотехнологии,Молекулярно-генетические основы современной биотехнологии,h,,
Мониторинг земель и недвижимости,Мониторинг земель и недвижимости,h,,
Мониторинг и экспертиза в аквакультуре,Мониторинг и экспертиза в аквакультуре,h,,
"Монтаж, пуск и наладка энергетического оборудования","Монтаж, пуск и наладка энергетического оборудования",h,,
Морфология животных,Морфология животных,h,,
Морфология и физиология животных,Морфология и физиология сельскохозяйственных животных,h,,тот же преподаватель Лукьяненко
Н,—,h,,обрывок «лек.Н»
НАДЗОР И КОНТРОЛЬ В СФЕРЕ БЕЗОПАСНОСТИ,Надзор и контроль в сфере безопасности,h,,
НАЛОГИ И НАЛОГООБЛОЖЕНИЕ,Налоги и налогообложение,h,,
НАЛОГОВЫЙ УЧЕТ И ОТЧЕТНОСТЬ,Налоговый учет и отчетность,h,,
НАНОБИОТЕХНОЛОГИИ,Нанобиотехнологии,h,,
"НАСОСЫ, ВЕНТИЛЯТОРЫ","Насосы, вентиляторы",h,,
НАУКА О ДАННЫХ ДЛЯ БИЗНЕСА,Наука о данных для бизнеса,h,,
НАУЧНО-ИССЛЕДОВАТЕЛЬСКАЯ И ЭКСПЕРИМЕНТАЛЬНАЯ РАБОТА,Научно-исследовательская и экспериментальная работа,h,,
НАУЧНЫЕ АСПЕКТЫ БИОТЕХНОЛОГИЧЕСКОЙ ПЕРЕРАБОТКИ ОТХОДОВ,Научные аспекты биотехнологической переработки отходов,h,,
НАУЧНЫЕ ОСНОВЫ БИОТЕХНОЛОГИИ СОЗДАНИЯ ФУНКЦИОНАЛЬНЫХ ПРОДУК. ПИТАН.,Научные основы биотехнологии создания функциональных продуктов питания,h,,сокращение
НАУЧНЫЕ ОСНОВЫ ПРОИЗВОДСТВА МЯСНЫХ ПРОДУКТОВ,Научные основы производства мясных продуктов,h,,канон был с опечаткой
НАУЧНЫЕ ОСНОВЫ СЕВООБОРОТОВ,Научные основы севооборотов,h,,
НАЧЕРТ. ГЕОМЕТРИЯ И МАШИНОСТР.ЧЕРЧЕНИЕ,Начертательная геометрия и машиностроительное черчение,h,,сокращения; Леонтьев
НАЧЕРТАТ. ГЕОМЕТРИЯ. ИНЖЕН. ГРАФИКА,Начертательная геометрия и инженерная графика,h,,
НАЧЕРТАТЕЛ. ГЕОМЕТРИЯ И ИНЖЕН. ГРАФИКА,Начертательная геометрия и инженерная графика,h,,
НАЧЕРТАТЕЛЬНАЯ ГЕОМЕТРИЯ,Начертательная геометрия,h,,
НЕДРЕВЕСНАЯ ПРОДУКЦИЯ ЛЕСА,Недревесная продукция леса,h,,
НЕОРГАНИЧЕСКАЯ И АНАЛИТИЧЕСКАЯ ХИМИЯ,Неорганическая и аналитическая химия,h,,
НЕОРГАНИЧЕСКАЯ ХИМИЯ,Неорганическая химия,h,,
НЕОРГАНИЧЕСКАЯИАНАЛИТИЧЕСКАЯХИМИЯ,Неорганическая и аналитическая химия,h,,
НЕТРАДИЦИОННЫЕ И ВОЗОБНОВЛЯЕМЫЕ ИСТОЧ,Нетрадиционные и возобновляемые источники энергии,h,,обрезанное название
НОВЫЕ ФОРМЫ ПОЛИКУЛЬТУРЫ В ПОиИ ХОЗЯЙСТВАХ,Новые формы поликультуры в ПОиИ хозяйствах,h,,регистр
НОКСОЛОГИЯ,Ноксология,h,,
НОРМИРОВАНИЕ И СНИЖЕНИЕ ЗАГРЯЗНЕНИЯ ОКРУЖАЮЩЕЙ СРЕДЫ,Нормирование и снижение загрязнения окружающей среды,h,,
Надежность систем и технологического в энергетике оборудования,Надежность систем и технологического оборудования в энергетике,h,,переставлены слова
Надежность систем и технологического оборудования в энергетике,Надежность систем и технологического оборудования в энергетике,h,,
Надежность электрооборудования,Надежность электрооборудования,h,,
Налоги и налогообложение,Налоги и налогообложение,h,,
Налоговый учет и отчетность,Налоговый учет и отчетность,h,,
Нанобиотехнологии,Нанобиотехнологии,h,,
Наука о данных для бизнеса,Наука о данных для бизнеса,h,,
Научные аспекты биотехнологической переработки отходов,Научные аспекты биотехнологической переработки отходов,h,,
Научные оновы производства мясных продуктов,Научные основы производства мясных продуктов,h,,опечатка «оновы» стала каноном
Научные основы биотехнологии создания функциональных продуктов питания,Научные основы биотехнологии создания функциональных продуктов питания,h,,
Научные основы севооборотов,Научные основы севооборотов,h,,
Начертательная геометрия. Инженерн.графика,Начертательная геометрия и инженерная графика,h,,
Недревесная продукция леса,Недревесная продукция леса,h,,
Неорг. и аналит химия,Неорганическая и аналитическая химия,h,,"сокращения «Неорг.», «аналит»"
Неорганическая и аналитическая химия,Неорганическая и аналитическая химия,h,,
Неорганическая химия,Неорганическая химия,h,,
Новые формы поликультуры в ПОиИ хозяйствах,Новые формы поликультуры в ПОиИ хозяйствах,h,,канон был капсом
Нормирование и снижение загрязнения окружающей среды,Нормирование и снижение загрязнения окружающей среды,h,,
ОБОРУДОВАНИЕ ДЛЯ ПЕРЕРАБОТКИ ПРОДУКЦИИ ЖИВОТНОВОДСТВА,Оборудование для переработки продукции животноводства,h,,
ОБОРУДОВАНИЕ ДЛЯ ПЕРЕРАБОТКИ ПРОДУКЦИИ РАСТЕНИЕВОДСТВА,Оборудование для переработки продукции растениеводства,h,,
ОБОРУДОВАНИЕ И ПРИБОРЫ ММИ,Оборудование и приборы ММИ,h,,
ОБОРУДОВАНИЕ ПРЕДПРИЯТИЙ ОБЩЕСТВЕННОГО ПИТАНИЯ,Оборудование предприятий общественного питания,h,,
ОБРАБОТКА ДРЕВЕСИНЫ,Обработка древесины,h,,
ОБРАБОТКА ЕСТЕСТВЕНОГО ЯЗЫКА,Обработка естественного языка,h,,
ОБРАЗОВАНИЕ И УТИЛИЗАЦИЯ ТЕХНОГЕННОГО СЫРЬЯ,Образование и утилизация техногенного сырья,h,,
ОБЩ.ФИЗ.ПОДГОТОВКА,Общая физическая подготовка,h,,сокращения «ОБЩ.ФИЗ.»
ОБЩАЯ БИОТЕХНОЛОГИЯ,Общая биотехнология,h,,
ОБЩАЯ И ЧАСТНАЯ ХИРУРГИЯ,Общая и частная хирургия,h,,
ОБЩАЯ СЕЛЕКЦИЯ,Общая селекция,h,,
ОБЩАЯ СЕЛЕКЦИЯ И СОРТОВЕДЕНИЕ,Общая селекция и сортоведение,h,,
ОБЩАЯ ТЕХНОЛОГИЯ ОТРАСЛИ,Общая технология отрасли,h,,
ОБЩАЯ ФИЗ.ПОДГОТОВКА,Общая физическая подготовка,h,,
ОБЩАЯ ФИЗИЧЕСКАЯ ПОДГОТОВКА,Общая физическая подготовка,h,,
ОБЩАЯ ФИЗИЧЕСКАЯ. ПОДГОТОВКА,Общая физическая подготовка,h,,
ОБЩАЯ ХИМИЧЕСКАЯ ТЕХНОЛОГИЯ,Общая химическая технология,h,,
ОБЩАЯ ЭКОНОМИЧЕСКАЯ ТЕОРИЯ,Общая экономическая теория,h,,
ОБЩЕЕ УСТРОЙСТВО ТРАКТОРОВ И АВТОМОБИЛЕЙ,Общее устройство тракторов и автомобилей,h,,
ОВОЩЕВОДСТВО,Овощеводство,h,,
ОВЦЕВОДСТВО И КОЗОВОДСТВО,Овцеводство и козоводство,h,,
ОЗЕЛЕНЕНИЕ НАСЕЛЕНЫХ МЕСТ,Озеленение населенных мест,h,,
ОПАСНЫЕ ПРИРОДНЫЕ ПРОЦЕССЫ,Опасные природные процессы,h,,
ОРГ. НАУЧ. ИССЛЕД.,Организация научных исследований,h,,сокращения
ОРГ. НАУЧНЫХ ИССЛЕДОВАНИЙ,Организация научных исследований,h,,сокращение «ОРГ.»
ОРГ. ПРЕДПРИНИМ. ДЕЯТЕЛЬНОСТИ В АПК,Организация предпринимательской деятельности в АПК,h,,сокращения; Власова
ОРГАНИЗ. НАУЧ. ИССЛЕД.,Организация научных исследований,h,,сокращения
ОРГАНИЗ. НАУЧ. ИССЛЕД. В ЗР,Организация научных исследований в защите растений,h,,«ЗР» = защита растений
ОРГАНИЗ. НАУЧ. МЕТОДОВ.,Организ. науч. методов.,h,,
ОРГАНИЗ.РАБОТЫ В МАЛЫХ ГРУПП,Организация работы в малых группах,h,,
ОРГАНИЗ.ТЕХНОЛОГ. ПРОЦЕССОВ,Организация технологических процессов в АПК,h,,"сокращения; те же преподаватели (Забелина, Шьюрова, Черненко)"
ОРГАНИЗАЦИОННОЕ СОБРАНИЕ,—,h,,"организационное собрание — мероприятие, а не дисциплина"
ОРГАНИЗАЦИЯ АУДИТА КАЧЕСТВА НА ПРЕДПРИЯТИИ,Организация аудита качества на предприятии,h,,
ОРГАНИЗАЦИЯ И ОПЛАТА ТРУДА,Организация и оплата труда в АПК,l,,обрезанное название; Наянов
ОРГАНИЗАЦИЯ И ОПЛАТА ТРУДА В АПК,Организация и оплата труда в АПК,h,,регистр
ОРГАНИЗАЦИЯ И ПЛАНИРОВАНИЕ В ЛА И СТРОИТЕЛЬСТВЕ,Организация и планирование в ландшафтной архитектуре и строительстве,h,,«ЛА» = ландшафтная архитектура
ОРГАНИЗАЦИЯ И ПЛАНИРОВАНИЕ КАДАСТРОВЫХ РАБОТ,Организация и планирование кадастровых работ,h,,
ОРГАНИЗАЦИЯ И РУКОВОДСТВО,Организация и руководство,h,,
ОРГАНИЗАЦИЯ И УПРАВЛЕНИЕ В ОБЛАСТИ ОБЕСПЕЧЕНИЯ ПОЖАРНОЙ БЕЗОПАСНОСТИ,Организация и управление в области обеспечения пожарной безопасности,h,,регистр
ОРГАНИЗАЦИЯ И УПРАВЛЕНИЕ НА ПР-ЯХ ПЕР-ЕЙ ПРОМЫШЛЕННОСТИ,Организация и управление на предприятиях перерабатывающей промышленности,h,,сокращения «ПР-ЯХ ПЕР-ЕЙ»
ОРГАНИЗАЦИЯ И УПРАВЛЕНИЕ НА ПРЕДПР. АКВАКУЛЬТУРА,Организация и управление на предприятиях аквакультуры,h,,сокращение «ПРЕДПР.»
ОРГАНИЗАЦИЯ И УПРАВЛЕНИЕ НА ПРЕДПРИЯТИЯХ ПЕРЕРАБАТЫВАЮЩЕЙ ПРОМЫШЛЕННОСТИ,Организация и управление на предприятиях перерабатывающей промышленности,h,,
ОРГАНИЗАЦИЯ КЕЙТЕРИНГА,Организация кейтеринга,h,,
ОРГАНИЗАЦИЯ КОМПЛЕКС. ВЕДЕНИЯ,Организация комплексного ведения,h,,
ОРГАНИЗАЦИЯ НАДЗОРНОЙ ДЕЯТЕЛЬНОСТИ,Организация надзорной деятельности и профилактической работы в сфере пожарной безопасности,l,,обрезанное название; канон был с опечаткой «Оганизация»
ОРГАНИЗАЦИЯ НАДЗОРНОЙ ДЕЯТЕЛЬНОСТИ И ПРОФИЛАКТИЧЕСКОЙ РАБОТЫ В СФЕРЕ ПОЖАРНОЙ БЕЗОПАСНОСТИ,Организация надзорной деятельности и профилактической работы в сфере пожарной безопасности,h,,
ОРГАНИЗАЦИЯ НАУЧНО-ИССЛЕДОВАТЕЛЬСКОЙ РАБОТЫ,Организация научно-исследовательской работы,h,,
ОРГАНИЗАЦИЯ ПЛЕМЕННОГО ДЕЛА В АКВАКУЛЬТУРЕ,Организация племенного дела в аквакультуре,h,,
ОРГАНИЗАЦИЯ ПОЖАРОТУШЕНИЯ И ВЕДЕНИЯ АВАРИЙНО-СПАСАТЕЛЬНЫХ РАБОТ,Организация пожаротушения и ведения аварийно-спасательных работ,h,,
ОРГАНИЗАЦИЯ ПРОИЗВОДСТВА НА ПРЕДПРИЯТИЯХ АПК,Организация производства на предприятиях АПК,h,,
ОРГАНИЗАЦИЯ РАБОТЫ,Организация работы,h,,
ОРГАНИЗАЦИЯ РАБОТЫ В МАЛЫХ ГРУППАХ,Организация работы в малых группах,h,,
ОРГАНИЗАЦИЯ РАБОТЫ МАЛЫХ ГРУПП,Организация работы в малых группах,h,,
ОРГАНИЗАЦИЯ РАБОТЫ С КАДРАМИ ФЕДЕРАЛЬНОЙ ПРОТИВОПОЖАРНОЙ СЛУЖБЫ,Организация работы с кадрами федеральной противопожарной службы,h,,регистр
ОРГАНИЗАЦИЯ СЛУЖБЫ ПОДГОТОВКИ ПОЖАРНЫХ И СПАСАТЕЛЕЙ,Организация службы подготовки пожарных и спасателей,h,,
ОРГАНИЗАЦИЯ СТРОИТЕЛЬНЫХ РАБОТ,Организация строительных работ,h,,
ОРГАНИЗАЦИЯ СТРОИТЕЛЬНЫХ РАБОТ НА ОБЪЕКТА ИНЖЕНЕРНОЙ ЗАЩИТЫ,Организация строительных работ на объектах инженерной защиты,h,,
ОРГАНИЗАЦИЯ СТРОИТЕЛЬНЫХ РАБОТ НА ОБЪЕКТАХ ИНЖЕНЕРНОЙ ЗАЩИТЫ,Организация строительных работ на объектах инженерной защиты,h,,
ОРГАНИЗАЦИЯ ТРАНСПОРТ. ПРОЦЕССОВ,Организация транспортных процессов,h,,
ОРГАНИЗАЦИЯ ЭКСПЛУАТАЦИИ ЭЛЕТРИЧЕСКИХ СЕТЕЙ,Организация эксплуатации электрических сетей,h,,
ОРГАНИЗАЦИЯ ЭКСПЛУАТАЦИИ ЭЛЕТРОУСТ,Организация эксплуатации электроустановок,h,,"сокращение, опечатка «ЭЛЕТРОУСТ»"
ОРГАНИЗАЦИЯРАБОТЫВМАЛЫХГРУППАХ,Организация работы в малых группах,h,,
ОРГАНИЦИЯ И УПРАВЛЕНИЕ В АКВАКУЛЬТУРЕ,Организация и управление на предприятиях аквакультуры,l,,опечатка «ОРГАНИЦИЯ»; Панфилов
"ОРГАНИЧЕСКАЯ,ФИЗИЧЕСКАЯ И КОЛЛОИДНАЯ ХИМИЯ","Органическая, физическая и коллоидная химия",h,,пробел после запятой
ОРГАНИЧЕСКОЕ РЫБОВОДСТВО,Органическое рыбоводство,h,,
ОРОШАЕМОЕ ЗЕМЛЕДЕЛИЕ,Орошаемое земледелие,h,,
ОСН. ВОЕН. ПОДГОТОВКИ,Основы военной подготовки,h,,сокращения «ОСН. ВОЕН.»
ОСНОВЫ АВТОМАТИЗАЦИИ ТЕХНОЛОГИЧЕСКИХ ПРОЦЕССОВ,Основы автоматизации технологических процессов,h,,
ОСНОВЫ АРХИТЕКТУРЫ,Основы архитектуры,h,,
ОСНОВЫ БИЗНЕС-АНАЛИЗА,Основы бизнес-анализа,h,,
ОСНОВЫ БИОТЕХНОЛОГИИ,Основы биотехнологии,h,,
ОСНОВЫ БИОТЕХНОЛОГИИ ПРОДУКТОВ ИЗ СЫРЬЯ РАСТ-ГО И ЖИВ-ГО ПРОИСХОЖДЕНИЯ,Основы биотехнологии продуктов из сырья растительного и животного происхождения,h,,
ОСНОВЫ БИОТЕХНОЛОГИИ ПРОДУКТОВ ИЗ СЫРЬЯ РАСТИТЕЛЬНОГО И ЖИВОТНОГО ПРОИСХОЖДЕНИЯ,Основы биотехнологии продуктов из сырья растительного и животного происхождения,h,,
ОСНОВЫ БИОХИМИИ И МОЛЕКУЛЯРНОЙ БИОЛОГИИ,Основы биохимии и молекулярной биологии,h,,регистр
ОСНОВЫ ВОЕННОЙ ПОДГОТОВ,Основы военной подготовки,h,,обрезанное слово «ПОДГОТОВ»
ОСНОВЫ ВОЕННОЙ ПОДГОТОВКИ,Основы военной подготовки,h,,
ОСНОВЫ ДИЗАЙНА МЕБЕЛИ И ИНТЕРЬЕРА,Основы дизайна мебели и интерьера,h,,
ОСНОВЫ ЛЕСОПАРКОВОГО ХОЗ.,Основы лесопаркового хозяйства,h,,сокращение «ХОЗ.»
ОСНОВЫ МЕТРОЛОГИИ И СТАНДАРТИЗ,Основы метрологии и стандартизации,h,,сокращение «СТАНДАРТИЗ»
ОСНОВЫ НАУЧНЫХ ИССЛ. В ЭНЕРГ.,Основы научных исследований в энергетике,h,,сокращения
ОСНОВЫ НАУЧНЫХ ИССЛЕДОВ.,Основы научных исследований,h,,сокращение «ИССЛЕДОВ.»
ОСНОВЫ НАУЧНЫХ ИССЛЕДОВАНИЕ,Основы научных исследований,h,,
ОСНОВЫ НАУЧНЫХ ИССЛЕДОВАНИЙ,Основы научных исследований,h,,
ОСНОВЫ НОРМИРОВАННОГО КОРМЛЕНИЯ ВЫСОКОПРОДУКТИВНЫХ КОРОВ,Основы нормированного кормления высокопродуктивных коров,h,,
ОСНОВЫ ПЛАНИРОВАНИЯ И ПРОГНОЗИРОВАНИЯ,Основы планирования и прогнозирования в природопользовании,l,,обрезанное название; Шевченко
ОСНОВЫ ПРЕДПРИНИМАТЕЛЬСТВА В ПЕРЕРАБАТЫВАЮЩЕЙ ПРОМЫШЛЕННОСТИ,Основы предпринимательства в перерабатывающей промышленности,h,,регистр
ОСНОВЫ ПРОЕКТИРОВАНИЯ ВЕТ.УЧРЕЖДЕНИЙ,Основы проектирования ветеринарных учреждений,h,,сокращение «ВЕТ.»
ОСНОВЫ ПРОИЗВОДСТВА ТЕХНИЧЕСКИХ СРЕДСТВ В АПК,Основы производства технических средств в АПК,h,,
ОСНОВЫ РЕКОНСТРУКЦИИ И РЕСТАВРАЦИИ ЛО,Основы реконструкции и реставрации ландшафтных объектов,h,,«ЛО» = ландшафтных объектов
ОСНОВЫ РОССИЙСКОЙ ГОСУДАРСТВЕННОСТИ,Основы российской государственности,h,,
"ОСНОВЫ СТРОИТЕЛЬНОГО ДЕЛА. МЕХАНИКА ГРУНТОВ, ОСНОВАНИЯ И ФУНДАМЕНТЫ","Основы строительного дела. Механика грунтов, основания и фундаменты",h,,
ОСНОВЫ УПРАВЛЕНИЯ ВОДНЫМИ БИОРЕСУРСАМИ,Основы управления водными биоресурсами,h,,
ОСНОВЫ УСТОЙЧИВОГО ЛЕСОУПР,Основы устойчивого лесоуправления,h,,обрезанное слово «ЛЕСОУПР»
ОСНОВЫ УСТОЙЧИВОГО ЛЕСОУПРАВЛЕНИЯ,Основы устойчивого лесоуправления,h,,
ОСНОВЫ ЭКОЛОГИЧЕСКОГО АУДИТА,Основы экологического аудита,h,,
ОСНОВЫ ЭКОЛОГИЧЕСКОЙ ПОЛИТИКИ,Основы экологической политики,h,,
ОСНОВЫ ЭКОЛОГИЧЕСКОЙ ЭКСПЕРТИЗЫ,Основы экологической экспертизы,h,,
ОСНОВЫ ЭЛЕКТРОЭНЕРГЕТИКИ,Основы электроэнергетики,h,,
ОСНОВЫРОССИЙСКОЙГОСУДАРСТВЕННОСТИ,Основы российской государственности,h,,
ОСОБЕННОСТИ ДОКУМЕНТООБОРОТА,Особенности документооборота и учета на предприятиях ММИ,l,,обрезанное название; Курако
ОСОБЕННОСТИ ПЕРЕРАБОТКИ ЭФИРОМАСЛИЧНОГО СЫРЬЯ В РАЗЛИЧНЫХ РЕГИОНАХ МИРА,Особенности переработки эфиромасличного сырья в различных регионах мира,h,,канон был с опечаткой «ренионах»
ОСОБЕННОСТИ ПРИМЕНЕНИЯ МОДЕЛЕЙ УПРАВЛЕНИЯ КАЧЕСТВОМ В ПТС,Особенности применения моделей управления качеством в ПТС,h,,канон был с опечаткой «пррименения»
ОСОБЕННОСТИ ТЕРМОМЕХ.ОБРАБ ДЕТАЛЕЙ,Особенности термомеханической обработки деталей при восстановлении,h,,сокращения; Чекмарев
ОСОБЕННОСТИ ТЕХ. ОБСЛУЖ.,Особенности технического обслуживания,h,,сокращения
ОСОБЕННОСТИ ТЕХН.СЕРВ.ИМП СХ ТЕХ,Особенности технического сервиса импортной сельскохозяйственной техники и оборудования,h,,сокращения; Венскайтис
ОСОБЕННОСТИ ЭКСПЛУАТАЦИИ ИМПОРТНЫХ СЕЛЬСКОХОЗЯЙСТВЕННЫХ МАШИН,Особенности эксплуатации импортных сельскохозяйственных машин,h,,
ОТЕЧЕСТВЕННЫЙ И ЗАРУБЕЖНЫЙ ОПЫТ,Отечественный и зарубежный опыт,h,,
ОТОПЛЕНИЕ,Отопление,h,,
ОТРАСЛЕВАЯ ЭКОНОМИКА,Отраслевая экономика,h,,
ОХОТОВЕДЕНИЕ,Охотоведение,h,,
ОХРАНА И РАЦИОНАЛЬНОЕ ИСПОЛЬЗОВАНИЕ ВОДНЫХ БИОЛОГИЧЕСКИХ РЕСУРСОВ,Охрана и рациональное использование водных биологических ресурсов,h,,
ОХРАНА И РАЦИОНАЛЬНОЕ ИСПОЛЬЗОВАНИЕ ВОДНЫХ И БИОЛОГИЧЕСКИХ РЕСУРСОВ,Охрана и рациональное использование водных биологических ресурсов,h,,
ОХРАНА ОКРУЖАЮЩЕЙ СРЕДЫ,Охрана окружающей среды,h,,
ОХРАНА ТРУДА,Охрана труда,h,,
ОХРАНА ТРУДА И ПОЖАРНАЯ БЕЗОПАСНОСТЬ,Охрана труда и пожарная безопасность,h,,
ОЦЕНКА ЗЕМ.-ИМУЩЕСТВЕННОГО КОМПЛЕКСА,Оценка земельно-имущественного комплекса,h,,
ОЦЕНКА ИННОВАЦИОННОГО ПОТЕНЦИАЛА,Оценка инновационного потенциала,h,,
ОЦЕНКА ПРОЦЕССОВ СИСТЕМ КАЧЕСТВА,Оценка процессов систем качества,h,,
ОЦЕНКА ТЕХНИЧ. И ТЕХ.ПАРАМ.,Оценка технических и технологических параметров,h,,"сокращения; Гончаров/Исаев, Кванториум"
ОЦЕНКА ЭФФЕКТИВНОСТИ ИНВЕСТИЦ. ПРОЕКТОВ,Оценка эффективности инвестиционных проектов в агроинженерии,l,,сокращение «ИНВЕСТИЦ.»; Черненко
ОЦЕНКА ЭФФЕКТИВНОСТИ ИНВЕСТИЦИОННЫХ ПРОЕКТОВ В АГРОИНЖЕНЕРИИ,Оценка эффективности инвестиционных проектов в агроинженерии,h,,регистр
ОЧИСТКА СТОЧНЫХ ВОД,Очистка сточных вод,h,,регистр
Оборудование для переработки продукции животноводства,Оборудование для переработки продукции животноводства,h,,
Оборудование для переработки продукции растениеводства,Оборудование для переработки продукции растениеводства,h,,
Оборудование и приборы ММИ,Оборудование и приборы ММИ,h,,
Оборудование предприятий общественного питания,Оборудование предприятий общественного питания,h,,
Обработка естественного языка,Обработка естественного языка,h,,
Образование и утилизация техногенного сырья,Образование и утилизация техногенного сырья,h,,
Общая биотехнология,Общая биотехнология,h,,
Общая и частная хирургия,Общая и частная хирургия,h,,
Общая селекция,Общая селекция,h,,
Общая селекция и сортоведение,Общая селекция и сортоведение,h,,
Общая технология отрасли,Общая технология отрасли,h,,
Общая физ.подготовка,Общая физическая подготовка,h,,
Общая физическая подготовка,Общая физическая подготовка,h,,
Общая химическая технология,Общая химическая технология,h,,
Общая экономическая теория,Общая экономическая теория,h,,
Овощеводство,Овощеводство,h,,
Овцеводство и козоводство,Овцеводство и козоводство,h,,
Орг. науч. исслед. в растениеводстве,Организация научных исследований в растениеводстве,h,,сокращения
Орг. научных исследований,Организация научных исследований,h,,сокращение «Орг.»
Орг. работы в малых группах,Организация работы в малых группах,h,,
Орг.предприн. деятельности в АПК,Организация предпринимательской деятельности в АПК,h,,сокращения
Организ.раб.в мал.группах,Организация работы в малых группах,h,,сокращения; правила не склеили
Организация аудита качества на предприятии,Организация аудита качества на предприятии,h,,
Организация и оплата труда,Организация и оплата труда в АПК,l,,обрезанное название; Наянов
Организация и планирование кадастровых работ,Организация и планирование кадастровых работ,h,,
Организация и управление в аквакультуре,Организация и управление на предприятиях аквакультуры,l,,тот же преподаватель Панфилов
Организация и управление на предпр. аквакультуры,Организация и управление на предприятиях аквакультуры,h,,сокращение «предпр.»
Организация и управление на предприятиях перерабатывающей промышленности,Организация и управление на предприятиях перерабатывающей промышленности,h,,
Организация использования лесов,Организация использования лесов,h,,
Организация кадастровых работ,Организация кадастровых работ,h,,
Организация кейтеринга,Организация кейтеринга,h,,
Организация надзорной деятельности и профилактической работы в сфере пожарной безопасности,Организация надзорной деятельности и профилактической работы в сфере пожарной безопасности,h,,
Организация научных исследований в ЗР,Организация научных исследований в защите растений,h,,«ЗР» = защита растений
Организация научых исследований магистра,Организация научных исследований магистра,h,,опечатка «научых»
Организация племенного дела в аквакультуре,Организация племенного дела в аквакультуре,h,,
Организация пожаротушения и ведения аварийно-спасательных работ,Организация пожаротушения и ведения аварийно-спасательных работ,h,,
Организация предпринимательской деятельности в АПК,Организация предпринимательской деятельности в АПК,h,,
Организация проектирования процессов по улучшению качества,Организация проектирования процессов по улучшению качества,h,,
Организация производства на предприятиях АПК,Организация производства на предприятиях АПК,h,,
Организация работы в малых группах,Организация работы в малых группах,h,,
Организация работы малых групп,Организация работы в малых группах,h,,
Организация службы подготовки пожарных и спасателей,Организация службы подготовки пожарных и спасателей,h,,
Организация строительных работ на объектах инженерной защиты,Организация строительных работ на объектах инженерной защиты,h,,
Организация технологических процессов в АПК,Организация технологических процессов в АПК,h,,
"Органическая,физическая и коллоидная химия","Органическая, физическая и коллоидная химия",h,,пробел после запятой
Органическое рыбоводство,Органическое рыбоводство,h,,
Орошаемое земледелие,Орошаемое земледелие,h,,
Осн. проект.,Основы проектирования ветеринарных учреждений,l,,сокращение «Осн. проект.»; Кузнецов М.Ю. — как у полного названия
Основы автоматизации технологических процессов,Основы автоматизации технологических процессов,h,,
Основы бизнес-анализа,Основы бизнес-анализа,h,,
Основы биотехнологии,Основы биотехнологии,h,,
Основы биотехнологии продуктов из сырья растительного и животного происхождения,Основы биотехнологии продуктов из сырья растительного и животного происхождения,h,,
Основы биотехнологии продуктов растительного и животного происхождения,Основы биотехнологии продуктов из сырья растительного и животного происхождения,h,,пропущено «из сырья»; Кичемазова
Основы биохимии,Основы биохимии и молекулярной биологии,l,,обрезанное название; Федорова
Основы военной подготовки,Основы военной подготовки,h,,
Основы военной подготовки.,Основы военной подготовки,h,,
Основы военной прдготоки,Основы военной подготовки,h,,опечатка «прдготоки»
Основы диетического кормления животных,Основы диетического кормления животных,h,,
Основы научных исследований,Основы научных исследований,h,,
Основы нормированного кормления высокопродуктивных коров,Основы нормированного кормления высокопродуктивных коров,h,,
Основы планирования и прогнозирования в природопользовании,Основы планирования и прогнозирования в природопользовании,h,,
Основы производства технических средств в АПК,Основы производства технических средств в АПК,h,,
Основы реконструкции и реставрации ландшафтных объектов,Основы реконструкции и реставрации ландшафтных объектов,h,,
Основы российской гос-ти,Основы российской государственности,h,,сокращение «гос-ти»; правила вынесли в отдельную дисциплину
Основы российской госуд.,Основы российской государственности,h,,сокращение «госуд.»
Основы российской государственности,Основы российской государственности,h,,
Основы российсой государственности,Основы российской государственности,h,,
"Основы строительного дела. Механика грунтов, основания и фундаменты","Основы строительного дела. Механика грунтов, основания и фундаменты",h,,
Основы управления водными биоресурсами,Основы управления водными биоресурсами,h,,
Основы устойчивого лесоуправления,Основы устойчивого лесоуправления,h,,
Основы экологического аудита,Основы экологического аудита,h,,
Основы экологической политики,Основы экологической политики,h,,
Основы экологической экспертизы,Основы экологической экспертизы,h,,
Осноовы автоматизации технологических процесов,Основы автоматизации технологических процессов,h,,
"Особенности ветеринарно-санитарной экспертизы мяса птицы, диких и промысловых животных","Особенности ветеринарно-санитарной экспертизы мяса птицы, диких и промысловых животных",h,,
Особенности документооборота и учета на предприятиях ММИ,Особенности документооборота и учета на предприятиях ММИ,h,,
Особенности переработки эфиромасличного сырья в различных ренионах мира,Особенности переработки эфиромасличного сырья в различных регионах мира,h,,опечатка «ренионах»
Особенности пррименения моделей управления качеством в ПТС,Особенности применения моделей управления качеством в ПТС,h,,опечатка «пррименения»
Особенности термомеханической обработки деталей при восстановлении,Особенности термомеханической обработки деталей при восстановлении,h,,
Особенности технического сервиса импортной сельскохозяйственной техники и оборудования,Особенности технического сервиса импортной сельскохозяйственной техники и оборудования,h,,
Отечественный и зарубежный опыт,Отечественный и зарубежный опыт,h,,
Отечественный и зарубежный опыт в ИЗР,Отечественный и зарубежный опыт в интегрированной защите растений,h,,«ИЗР» = интегрированная защита растений
Отечественный и зарубежный опыт в агрономии,Отечественный и зарубежный опыт в агрономии,h,,
Отраслевая экономика,Отраслевая экономика,h,,
Охрана и рациональное использование водных биологических ресурсов,Охрана и рациональное использование водных биологических ресурсов,h,,
Охрана и рациональное использование водных и биологических ресурсов,Охрана и рациональное использование водных биологических ресурсов,h,,
Охрана окружающей среды,Охрана окружающей среды,h,,
Охрана труда,Охрана труда,h,,
Оценка земельно-имущественного комплекса,Оценка земельно-имущественного комплекса,h,,
Оценка процессов систем качества,Оценка процессов систем качества,h,,
Очистка сточных вол,Очистка сточных вод,h,,опечатка «вол»
ПАПП,Процессы и аппараты пищевых производств,l,,аббревиатура ПАПП
ПАРАЗИТОЛОГИЯ,Паразитология и инвазионные болезни животных,h,,без «и инвазионные болезни животных»; ВТ 5 курс
ПАРАЗИТОЛОГИЯ И ИНВАЗИОННЫЕ БОЛЕЗНИ,Паразитология и инвазионные болезни животных,h,,"обрезанное название; Ларионов, Коротова"
ПАРАЗИТОЛОГИЯ И ИНВАЗИОННЫЕ БОЛЕЗНИ ЖИВОТНЫХ,Паразитология и инвазионные болезни животных,h,,
ПАТЕНТОВЕДЕНИЕ,Патентоведение,h,,
ПАТОЛОГИЧЕСКАЯ АНАТОМИЯ,Патологическая анатомия,h,,
ПАТОЛОГИЧЕСКАЯ АНАТОМИЯ И СУДЕБНО-ВЕТЕРИНАРНАЯ ЭКСПЕРТИЗА,Патологическая анатомия и судебно-ветеринарная экспертиза,h,,регистр
ПАТОЛОГИЯ ПТИЦ,Патология птиц,h,,
ПАТОФИЗИОЛОГИЯ,Патофизиология,h,,
ПЕД. ТЕХНОЛ. В ПРОФ. ОБРАЗОВАНИИ,Педагогические технологии в профессиональном образовании,h,,сокращения
ПЕДАГОГ. ТЕХНОЛОГИИ В ПРОФ. ОБРАЗ.,Педагогические технологии в профессиональном образовании,h,,сокращения
ПЕДАГОГИКА,Педагогика,h,,
ПЕДАГОГИКА ВЫСШЕЙ ШКОЛЫ,Педагогика высшей школы,h,,
ПЕДАГОГИКА И МЕТОДИКА ПРЕПОДАВАНИЯ В ВЫСШЕЙ ШКОЛЕ,Педагогика и методика преподавания в высшей школе,h,,
ПЕДАГОГИКА И ПСИХОЛОГИЯ В ПРОФЕССИОНАЛЬНОЙ ДЕЯТЕЛЬНОСТИ,Педагогика и психология в профессиональной деятельности,h,,
ПЕДАГОГИЧЕСКИЕ ТЕХНОЛОГИИ В ПРОФЕССИОНАЛЬНОМ ОБРАЗОВАНИИ,Педагогические технологии в профессиональном образовании,h,,регистр
ПИТАНИЕ КАКА ЧАСТЬ КУЛЬТУРЫ НАРОДА,Питание как часть культуры народа,h,,
ПИТОМНИКОВОДСТВО,Питомниководство,h,,
ПИЩЕВАЯ БИОТЕХНОЛОГИЯ,Пищевая биотехнология,h,,
ПИЩЕВАЯ МИКРОБИОЛОГИЯ,Пищевая микробиология,h,,
"ПИЩЕВАЯ ХИМИЯ В ТЕХНОЛОГИИ Х/Б,КОНДИТЕРСКИХ И МАКАРОННЫХ ИЗДЕЛИЙ","Пищевая химия в технологии х/б,кондитерских и макаронных изделий",h,,
ПЛАНИРОВ И УПРАВ. ЗЕМ. РЕСУРСАМИ,Планирование и управление земельными ресурсами,h,,"сокращение; Янюк, 530"
ПЛАНИРОВАНИЕ И ПРОГНОЗИРОВАНИЕ ИСПОЛЬЗОВАНИЯ ЗЕМЕЛЬНЫХ РЕСУРСОВ,Планирование и прогнозирование использования земельных ресурсов,h,,регистр «И»
ПЛАНИРОВАНИЕ И ПРОГНОЗИРОВАНИЕ ПФХД,Планирование и прогнозирование ПФХД,h,,"регистр: «И», «пфхд»"
ПЛАНИРОВАНИЕ ТЕХНОЛОГИЧЕСКИХ ПРОЦЕССОВ В АКВАКУЛЬТУРЕ,Планирование биотехнологических процессов в аквакультуре,h,,
ПЛАНИРОВАНИЕ УРОЖАЕВ СЕЛЬСКОХОЗЙСТВЕННЫХ КУЛЬТУР,Планирование урожаев сельскохозяйственных культур,h,,
ПЛОДОВОДСТВО И ОВОЩЕВОДСТВО,Плодоводство и овощеводство,h,,
ПОДГОТОВКА ГАЗОДЫМОЗАЩИТНИКА,Подготовка газодымозащитника,h,,
ПОДЪЕМНО ТРАНСПОРТНЫЕ МЕХАНИЗМЫ,Подъемно-транспортные машины,l,,"лекция «механизмы», практика «машины», один преподаватель Левченко"
ПОЖАРНАЯ БЕЗОПАСНОСТЬ В СТРОИТЕЛЬСТВЕ,Пожарная безопасность в строительстве,h,,
ПОЖАРНАЯ БЕЗОПАСНОСТЬ ТЕХНОЛОГИЧЕСКИХ ПРОЦЕССОВ,Пожарная безопасность технологических процессов,h,,
ПОЖАРНАЯ БЕЗОПАСНОСТЬ ЭЛЕКТРОУСТАНОВОК,Пожарная безопасность электроустановок,h,,
ПОЖАРНАЯ ТЕХНИКА,Пожарная техника,h,,
ПОЖАРОВЗРЫВОЗАЩИТА,Пожаровзрывозащита,h,,канон с опечаткой «зощита»
ПОЧВОВЕДЕНИЕ,Почвоведение,h,,
ПОЧВОВЕДЕНИЕ С ОСНОВАМИ ГЕОЛОГИИ,Почвоведение с основами геологии,h,,
ПРАВОВЕДЕНИЕ,Правоведение,h,,
ПРАВОВОЕ РЕГ. ПРОФ. ДЕЯТЕЛЬНОСТИ,Правовое регулирование профессиональной деятельности,h,,сокращения
ПРАВОВОЕ РЕГУЛИРОВАНИЕ ЗЕМ.-ИМУЩ. ОТНОШЕНИЙ,Правовое регулирование земельно-имущественных отношений,h,,
ПРАВОВОЕ РЕГУЛИРОВАНИЕ ЗЕМЕЛЬНО-ИМУЩЕСТВЕННЫХ ОТНОШЕНИЙ,Правовое регулирование земельно-имущественных отношений,h,,
ПРЕКТИРОВАНИЕ ГИДРОМЕЛИОР СИСТЕМ,Проектирование гидромелиоративных систем,h,,
ПРИБОРЫ И СРЕДСТВА КОНТРОЛЯ ПРИРОДНЫХ ПРОЦЕССОВ НА ОРОСИТЕЛЬНЫХ СИСТЕМАХ,Приборы и средства контроля природных процессов на оросительных системах,h,,
ПРИЕМНИКИ И ПОТРЕБИТЕЛИ ЭЛ.ЭН,Приемники и потребители электрической энергии,h,,сокращение
ПРИКЛ. МАТЕМАТИКА В МЕНЕДЖМЕНТЕ,Прикладная математика в менеджменте,h,,
ПРИКЛАДНАЯ ГЕОДЕЗИЯ,Прикладная геодезия,h,,
ПРИКЛАДНАЯ МАТЕМАТИКА,Прикладная математика,h,,
ПРИКЛАДНАЯ МАТЕМАТИКА В ТЕХНОЛОГИИ И ОРГАНИЗАЦИИ ПРЕДПРИЯТИЙ ОБЩЕСТВЕННОГО ПИТАНИЯ,Прикладная математика в технологии и организации предприятий общественного питания,h,,
ПРИКЛАДНАЯ МАТЕМАТИКА В ТЕХНОЛОГИИ ПРОДУКТОВ ПИТАНИЯ ИЗ РАСТ.СЫРЬЯ,Прикладная математика в технологии продуктов питания из растительного сырья,h,,
ПРИКЛАДНАЯ МАТЕМАТИКА В ТППЖ,Прикладная математика в ТППЖ,h,,
ПРИКЛАДНАЯ МАТЕМАТИКА В ЭКОНОМИКЕ,Прикладная математика в экономике,h,,
ПРИКЛАДНАЯ ЭКОЛОГИЯ,Прикладная экология,h,,
ПРИКЛАДНЫЕ ТЕХНОЛОГИИ В ИНДУСТРИИ ПИТАНИЯ,Прикладные технологии в индустрии питания,h,,
ПРИМЕНЕНИЕ ДАННЫХ ДИСТАНЦИОННОГО ЗОНДИРОВАНИЯ ЗЕМЛИ,Применение данных дистанционного зондирования Земли для оценки ОС и ЧС,l,,"обрезанное название, тот же Неврюев"
ПРИНЦИПЫ ЭФФЕКТИВНОГО УПРАВЛЕНИЯ ПРОЦЕССАМИ,Принципы эффективного управления процессами,h,,
ПРИРОДНО-ХОЗЯЙСТВЕННАЯ ОЦЕНКА ТЕРРИТОРИИ,Природно-хозяйственная оценка территории,h,,канон с точкой на конце
ПРИРОДНО-ХОЗЯЙСТВЕННАЯ ОЦЕНКА ТЕРРИТОРИЙ,Природно-хозяйственная оценка территории,h,,мн. число
ПРИРОДНЫЕ И АНТРОПОГЕН. ФАКТОРЫ,Природные и антропогенные факторы горимости лесов,h,,сокращение; те же Козаченко и Берлин
ПРОГНОЗ РАЗВИТИЯ ВРЕДНЫХ ОРГАНИЗМОВ,Прогноз развития вредных организмов,h,,
ПРОГРАМ. АНАЛИЗ И ВИЗУАЛИЗАЦИЯ ДАННЫХ,Программный анализ и визуализация данных,h,,сокращение «ПРОГРАМ.»; Шибайкин
ПРОГРАММИРОВАНИЕ НА ЯЗЫКАХ ВЫСОКОГО УРОВНЯ,Программирование на языках высокого уровня,h,,
ПРОГРАММИРОВАНИЕ НА ЯЗЫКЕ ВЫСОКОГО УРОВНЯ,Программирование на языке высокого уровня,h,,
ПРОГРАММНЫЕ СР-ВА В БИЗНЕС-АНАЛИТИКЕ,Программные средства в бизнес-аналитике,h,,"сокращение «ср-ва», регистр «В»"
ПРОГРЕСИВНЫЕ ТЕХН. ПР-ВА КОРМОВ,Прогрессивные технологии производства кормов,h,,сокращение; Беляева 712
ПРОГРОМИР. ЛОГИЧЕСКИХ КОНТР.,Программирование логических контроллеров,h,,сокращение «ПРОГРОМИР. КОНТР.»; Евстафьев 200
ПРОЕКТ. ДЕЯТЕЛЬНОСТЬ В МАРКЕТИНГЕ,Проектная деятельность в маркетинге,h,,сокращение; раньше с «(3 зан.)»
ПРОЕКТ. И АРХИТЕКТУРА ПС В УПРАВЛЕНИИ БИЗНЕСОМ,Проектирование и архитектура ПС в управлении бизнесом,h,,
ПРОЕКТИРОВАНИЕ АВТОМОБИЛЕЙ И ТРАКТОРОВ,Проектирование автомобилей и тракторов,h,,
ПРОЕКТИРОВАНИЕ АГРОРОБ ТЕХН,Проектирование агророботизированных технических средств,h,,сокращение «АГРОРОБ ТЕХН»
ПРОЕКТИРОВАНИЕ АГРОРОБОТИЗИРОВАННЫХ ТЕХНИЧЕСКИХ СРЕДСТВ,Проектирование агророботизированных технических средств,h,,полное название
ПРОЕКТИРОВАНИЕ ГЕОИНФОРМАЦИОННЫХ СИСТЕМ,Проектирование геоинформационных систем,h,,
ПРОЕКТИРОВАНИЕ ОБЪЕКТОВ В АКВАКУЛЬТУРЕ,Проектирование объектов в аквакультуре,h,,канон с опечаткой
ПРОЕКТИРОВАНИЕ ПРЕДПРИЯТИЙ МЯСНОЙ ОТРАСЛИ,Проектирование предприятий мясной отрасли,h,,
ПРОЕКТИРОВАНИЕ ПРЕДПРИЯТИЙ ОБЩЕСТВЕННОГО ПИТАНИЯ,Проектирование предприятий общественного питания,h,,
ПРОЕКТИРОВАНИЕ ПРЕДПРИЯТИЙ ТЕХНИЧЕСКОГО СЕРВИСА,Проектирование предприятий технического сервиса,h,,
ПРОЕКТИРОВАНИЕ ПРОЦЕССОВ И ТЕХНИЧЕСКИХ СРЕДСТВ АПК,Проектирование процессов и технических средств АПК,h,,
ПРОЕКТИРОВАНИЕ СИСТЕМ И ТЕХНОЛОГИЙ В АПК,Проектирование систем и технологий в АПК,h,,
ПРОЕКТИРОВАНИЕ СИСТЕМ ИНЖЕНЕРНОЙ ЗАЩИТЫ,Проектирование систем инженерной защиты,h,,
ПРОЕКТИРОВАНИЕ СИСТЕМ ЭЛЕКТРИФИКАЦИИ,Проектирование систем электрификации,h,,
ПРОЕКТИРОВАНИЕ ТЕХНИКИ СПЕЦИАЛЬНОГО НАЗНАЧЕНИЯ,Проектирование техники специального назначения,h,,
ПРОЕКТИРОВАНИЕ ТЕХНИЧЕСКОЙ ЭКСПЛУАТАЦИИ ТРАНСПОРТНЫХ СРЕДСТВ В АПК,Проектирование технической эксплуатации транспортных средств АПК,h,,
"ПРОЕКТИРОВАНИЕ ХЛЕБОЗАВОДОВ,КОНДИТЕРСКИХ И МАКАРОННЫХ ПРЕДПРИЯТИЙ","Проектирование хлебозаводов,кондитерских и макаронных предприятий",h,,
ПРОЕКТИРОВАНИЕ ЭЛЕКТРИЧЕСКИХ СИСТЕМ,Проектирование электрических систем,h,,
ПРОЕКТИРОВАНИЕ ЭЛЕКТРОТЕХН.В АПК,Проектирование электротехнологий в АПК,h,,
ПРОЕКТИРОВАНИЕ ЭЛЕКТРОУСТ,Проектирование электроустановок,h,,обрезано «ЭЛЕКТРОУСТ»; Моисеев 201
ПРОЕКТИРОВАНИЕ ЭНЕРГЕТИЧЕСКОЙ СЛУЖБЫ,Проектирование энергетической службы,h,,
ПРОЕКТИРОВАНИЕ ЭНЕРГООБЕСПЕЧЕНИЯ ПРЕДПРИЯТИЙ АПК,Проектирование энергообеспечения предприятий АПК,h,,
ПРОЕКТНАЯ ДЕЯТЕЛЬНОСТЬ В МАРКЕТИНГЕ,Проектная деятельность в маркетинге,h,,
ПРОЕКТНО-СМЕТНАЯ ДЕЯТЕЛЬНОСТЬ,Проектно-сметная деятельность,h,,
ПРОЕКТНОЕ ДЕЛО,Проектное дело,h,,
ПРОЕКТНЫЙ МЕНЕДЖМЕНТ НА ПРЕДПРИЯТИИ АПК,Проектный менеджмент на предприятии АПК,h,,
ПРОИЗВОД.-ТЕХН. ИНФРАСТРУКТУРА ТЕХ СЕРВ,Производственно-техническая инфраструктура технического сервиса,h,,сокращение
ПРОИЗВОДСТВЕННАЯ САНИТАРИЯ И ГИГ. ТРУДА,Производственная санитария и гигиена труда,h,,
ПРОИЗВОДСТВЕННЫЙ МЕНЕДЖМЕНТ В АГРОБИЗНЕСЕ,Производственный менеджмент в агробизнесе,h,,
ПРОИЗВОДСТВЕННЫЙ УЧЕТ И ОТЧЕТНОСТЬ В МЯСНОЙ ОТРАСЛИ,Производственный учет и отчетность в мясной отрасли,h,,
ПРОИЗВОДСТВЕННЫЙ ЭКОЛОГИЧЕСКИЙ КОНТРОЛЬ,Производственный экологический контроль,h,,
ПРОМЫСЛОВАЯ ИХТИОЛОГИЯ,Промысловая ихтиология,h,,
ПРОМЫСЛОВАЯ ИХТИОЛОГИЯ С ОСНОВАМИ РЫБОЛОВСТВА,Промысловая ихтиология с основами рыболовства,h,,
ПРОСТРАНСТВЕННАЯ ЭКОНОМИКА АПК,Пространственная экономика АПК,h,,
ПРОТИВОПОЖАРНОЕ ВОДОСНАБЖЕНИЕ,Противопожарное водоснабжение,h,,
ПРОФЕССИОНАЛЬНАЯ ЭТИКА ПРЕДПРИЯТИЙ ИНДУСТРИИ ПИТАНИЯ,Профессиональная этика предприятий индустрии питания,h,,
ПРОФИЛАКТИКА ЭПИФИТОТИЙ В АГРОЦЕНОЗАХ,Профилактика эпифитотий в агроценозах,h,,
ПРУДОВОЕ РЫБОВОДСТВО,Прудовое рыбоводство,h,,
ПСИХОЛОГИЯ,Психология,h,,
ПСИХОЛОГИЯ РАБОТЫ В МАЛЫХ ГР,Психология работы в малых группах,h,,сокращение «ГР»
ПСИХОЛОГИЯ РАБОТЫ В МАЛЫХ ГРУППАХ,Психология работы в малых группах,h,,
ПТИЦЕВОДСТВО,Птицеводство,h,,
"ПТЛ ПРОИЗВОДСТВ Х/Б,КОНДИТЕРСКИХ И МАКАРОННЫХ ИЗДЕЛИЙ","ПТЛ производств х/б,кондитерских и макаронных изделий",h,,
"ПТЛ производств х/б,кондитерских и макаронных изделий","ПТЛ производств х/б,кондитерских и макаронных изделий",h,,
"ПУСК, НАЛАДКА И РЕМОНТ ТЕПЛОЭНЕРГЕТИЧЕСКОГО ОБОРУДОВАН.","Пуск, наладка и ремонт теплоэнергетического оборудования",h,,"сокращение, регистр «И»"
ПЧЕЛОВОДСТВО,Пчеловодство,h,,
Паразитология,Паразитология и инвазионные болезни животных,l,,обрезанное название; Коротова
Паразитология и инвазионные болезни животных,Паразитология и инвазионные болезни животных,h,,
Пат.анатомия,Патологическая анатомия,h,,сокращение «Пат.»
Пат.физиология,Патофизиология,h,,
Патентоведение,Патентоведение,h,,
Патология птиц,Патология птиц,h,,
Педагог. технологии в проф. образ.,Педагогические технологии в профессиональном образовании,h,,сокращения
Педагогика высшей школы,Педагогика высшей школы,h,,
Педагогика и методика преподавания в высшей школе,Педагогика и методика преподавания в высшей школе,h,,
Педагогика и психология в профессиональной деятельности,Педагогика и психология в профессиональной деятельности,h,,
Педагогические технологии в професс. образовании,Педагогические технологии в профессиональном образовании,h,,сокращение «професс.»
Питание как часть культуры народа,Питание как часть культуры народа,h,,
Питомниководство,Питомниководство,h,,
Пищевая биотехнология,Пищевая биотехнология,h,,
Пищевая микробиология,Пищевая микробиология,h,,
"Пищевая химия в технологии х/б,кондитерских и макаронных изделий","Пищевая химия в технологии х/б,кондитерских и макаронных изделий",h,,
План. и прогноз. ПФХД,Планирование и прогнозирование ПФХД,h,,"сокращение; тот же преподаватель Пшенцова, ауд. 713"
Планирование биотехнологических процессов в аквакультуре,Планирование биотехнологических процессов в аквакультуре,h,,
Планирование и управление земельными ресурсами,Планирование и управление земельными ресурсами,h,,
Планирование плановой и сбытовой деятельности в животноводстве,Планирование плановой и сбытовой деятельности в животноводстве,h,,
Планирование урожаев сельскохозяйственных культур,Планирование урожаев сельскохозяйственных культур,h,,
Плодоводство и овощеводство,Плодоводство и овощеводство,h,,
Подготовка газодымозащитника,Подготовка газодымозащитника,h,,
Пожарная безопасность технологических процессов,Пожарная безопасность технологических процессов,h,,
Почвоведение с основами геологии,Почвоведение с основами геологии,h,,
Правоведение,Правоведение,h,,
Правовое регулир. земельно-имущественных отношений,Правовое регулирование земельно-имущественных отношений,h,,
Правовое регулирование зем-но имущ -х отношений,Правовое регулирование земельно-имущественных отношений,h,,
Правовое регулирование проф. деятельности,Правовое регулирование профессиональной деятельности,h,,сокращение
Практикум по бухучету,Практикум по бухучету,h,,
Прграммный анализ и визуализация данных,Программный анализ и визуализация данных,h,,опечатка «Прграммный»
Прикл. математика в экономике,Прикладная математика в экономике,h,,
Прикладная геодезия,Прикладная геодезия,h,,
Прикладная математика,Прикладная математика,h,,
Прикладная математика в ТППЖ,Прикладная математика в ТППЖ,h,,
Прикладная математика в менеджменте,Прикладная математика в менеджменте,h,,
Прикладная математика в технологии и организации предприятий общественного питания,Прикладная математика в технологии и организации предприятий общественного питания,h,,
Прикладная математика в технологии продуктов питания из растительного сырья,Прикладная математика в технологии продуктов питания из растительного сырья,h,,
Прикладная математика в экономике,Прикладная математика в экономике,h,,
Прикладная экология,Прикладная экология,h,,
Прикладные технологии в индустрии питания,Прикладные технологии в индустрии питания,h,,
Применение данных дистанционного зондирование Земли для оценки ОС и ЧС,Применение данных дистанционного зондирования Земли для оценки ОС и ЧС,h,,опечатка «зондирование»
Природно-хозяйственная оценка территории,Природно-хозяйственная оценка территории,h,,канон с точкой на конце
Природно-хозяйственная оценка территории.,Природно-хозяйственная оценка территории,h,,точка на конце
Прогноз развития вредных организмов,Прогноз развития вредных организмов,h,,
Прогнозирование опасных факторов пожара,Прогнозирование опасных факторов пожара,h,,
Программирование на языках высокого уровня,Программирование на языках высокого уровня,h,,
Программирование на языке высокого уровня,Программирование на языке высокого уровня,h,,
Программные ср-ва в бизнес-аналитике,Программные средства в бизнес-аналитике,h,,сокращение «ср-ва»
Прогрессивные технологии производства кормов,Прогрессивные технологии производства кормов,h,,
Проектирование и архитектура ПС в управлении бизнесом,Проектирование и архитектура ПС в управлении бизнесом,h,,
Проектирование и составление тематических карт,Проектирование и составление тематических карт,h,,
Проектирование объектов в аквакульиуре,Проектирование объектов в аквакультуре,h,,опечатка «аквакульиуре»
Проектирование предприятий мясной отрасли,Проектирование предприятий мясной отрасли,h,,
Проектирование предприятий общественного питания,Проектирование предприятий общественного питания,h,,
Проектирование предприятий технического сервиса,Проектирование предприятий технического сервиса,h,,
Проектирование систем электрификации,Проектирование систем электрификации,h,,
Проектирование технической эксплуатации транспортных средств АПК,Проектирование технической эксплуатации транспортных средств АПК,h,,
"Проектирование хлебозаводов,кондитерских и макаронных предприятий","Проектирование хлебозаводов,кондитерских и макаронных предприятий",h,,
Проектирование энергетической службы,Проектирование энергетической службы,h,,
Проектная деятельность в маркетинге,Проектная деятельность в маркетинге,h,,
Проектный менеджмент на предприятии АПК,Проектный менеджмент на предприятии АПК,h,,
Производственная и пожарная автоматика,Производственная и пожарная автоматика,h,,
Производственный контроль технологических процессов в АПК,Производственный контроль технологических процессов в АПК,h,,
Производственный менеджмент в агробизнесе,Производственный менеджмент в агробизнесе,h,,
Производственный учет и отчетность в мясной отрасли,Производственный учет и отчетность в мясной отрасли,h,,
Производственный экологический контроль,Производственный экологический контроль,h,,
Промысловая ихтиология,Промысловая ихтиология,h,,
Промысловая ихтиология с основами рыболовства,Промысловая ихтиология с основами рыболовства,h,,
Пространственная экономика АПК,Пространственная экономика АПК,h,,
Противопожарная профилактика,Противопожарная профилактика,h,,
Профессиональная этика предприятий индустрии питания,Профессиональная этика предприятий индустрии питания,h,,
Профилактика эпифитотий в агроценозах,Профилактика эпифитотий в агроценозах,h,,
Прудовое рыбоводство,Прудовое рыбоводство,h,,
Психологическая подготовка пожарных и спасателей,Психологическая подготовка пожарных и спасателей,h,,
Психология работы в МГ,Психология работы в малых группах,h,,аббревиатура «МГ»; Измайлова
Психология работы в малых группах,Психология работы в малых группах,h,,
Птицеводство,Птицеводство,h,,
Пчеловодство,Пчеловодство,h,,
РАЗВЕДЕНИЕ С/Х ЖИВОТНЫХ,Разведение с/х животных,h,,
РАЗРАБОТКА НОРМАТИВНОЙ И ТЕХНИЧЕСКОЙ ДОКУМЕНТАЦИИ ПРИ ПРОИЗВОДСТВЕ,"Разработка нормативной и технической документации при производстве хлебобулочных, кондитерских и макаронных изделий",l,,"обрезанное название, регистр «И», «ПРИ»"
"РАЗРАБОТКА НОРМАТИВНОЙ И ТЕХНИЧЕСКОЙ ДОКУМЕНТАЦИИ ПРИ ПРОИЗВОДСТВЕ ХЛЕБОБУЛОЧНЫХ, КОНДИТЕРСКИХ И МАКАРОННЫХ ИЗДЕЛИЙ","Разработка нормативной и технической документации при производстве хлебобулочных, кондитерских и макаронных изделий",h,,регистр
РАЗРАБОТКА СИСТЕМ УПРАВЛЕНИЯ КАЧЕСТВОМ В ПТС,Разработка систем управления качеством в ПТС,h,,
РАЗРАБОТКА ТЕХНИЧ. ДОКУМ,Разработка технической документации агророботизированных средств и комплексов,l,,сокращение; Венскайтис 115
РАССЛЕДОВАНИЕ ПОЖАРОВ И ОСНОВЫ ПОЖАРНО-ТЕХНИЧЕСКОЙ ЭКСПЕРТИЗЫ,Расследование пожаров и основы пожарно-технической экспертизы,h,,
РАСТЕНИЕВОДСТВО,Растениеводство,h,,
РАСШИРЕНИЕ БИОРАЗНООБРАЗИЯ С.-Х. КУЛЬТУР,Расширение биоразнообразия с.-х. культур,h,,
РЕГИОНАЛЬНОЕ ЗЕМЛЕУСТРОЙСТВО,Региональное землеустройство,h,,
РЕГУЛИРОВАНИЕ СТОКА И ЕГО ИСПОЛЬЗОВАНИЕ,Регулирование стока и его использование,h,,
РЕГУЛЯЦИЯ ЧИСЛЕННОСТИ ВРЕДИТЕЛЕЙ В АГРОЦЕНОЗАХ,Регуляция численности вредителей в агроценозах,h,,
РЕКЛАМНАЯ ДЕЯТЕЛЬНОСТЬ ПРЕДПРИЯТИЯ ОБЩЕСТВЕННОГО ПИТАНИЯ,Рекламная деятельность предприятия общественного питания,h,,
РЕКОНСТРУКЦИЯ И РЕМОНТ ИНЖЕНЕРНЫХ СИСТЕМ И СООРУЖЕНИЙ,Реконструкция и ремонт инженерных систем и сооружений,h,,
РЕКОНСТРУКЦИЯ И ФОРМИР.ЛАНДШ.,Реконструкция и формирование ландшафтов,h,,сокращение «ФОРМИР.ЛАНДШ.»; Маштаков 353
РЕКРАЦИОННЫЙ ПОТЕНЦИАЛ,Рекреационный потенциал,h,,
РЕКУЛЬТИВАЦИЯ ЗАГРЯЗНЕННЫХ И ДЕГРАДИРОВАН ТЕРРИТ.,Рекультивация загрязненных и деградированных территорий,h,,
РЕКУЛЬТИВАЦИЯ ЗАГРЯЗНЕННЫХ И ДЕГРАДИРОВАННЫХ ТЕРРИТОРИЙ,Рекультивация загрязненных и деградированных территорий,h,,
РЕМОНТ И УТИЛИЗАЦИЯ АВТОМОБИЛЕЙ И ТРАКТОРОВ,Ремонт и утилизация автомобилей и тракторов,h,,
РЕМОНТ ИИ УТИЛИЗАЦИЯ АВТОМОБИЛЕЙ Т ТРАКТОРОВ,Ремонт и утилизация автомобилей и тракторов,h,,
РЕОЛОГИЯ И ТЕКСТУРНЫЙ АНАЛИЗ МЯСА И МЯСНЫХ ПРОДУКТОВ,Реология и текстурный анализ мяса и мясных продуктов,h,,
РЕСТАВРАЦИЯ И РЕКОНСТРУК,Реставрация и реконструкция объектов ландшафтной архитектуры,l,,обрезано «РЕКОНСТРУК»; Иванова 239
РЕСУРСНЫЙ ПОТЕНЦИАЛ,Ресурсный потенциал,h,,
РЕСУРСОСБЕРЕГ. ТЕХН.,Ресурсосберегающие технологии в растениеводстве,l,,сокращение; Шьюрова 712 ведёт растениеводческие дисциплины
РЕСУРСОСБЕРЕГАЮЩИЕ ТЕХНОЛОГИИ В АКВАКУЛЬТУРЕ,Ресурсосберегающие технологии в аквакультуре,h,,
РЕСУРСОСБЕРЕГАЮЩИЕ ТЕХНОЛОГИИ В ПРИРОДОПОЛЬЗОВАНИИ,Ресурсосберегающие технологии в природопользовании,h,,
РЕСУРСОСБЕРЕГАЮЩИЕ ТЕХНОЛОГИИ КОРМОПРОИЗВОДСТВА,Ресурсосберегающие технологии кормопроизводства,h,,
РЕСУРСОСБЕРЕГАЮЩИЕ ТЕХНОЛОГИИ ПРОИЗВОДСТВА ГОВЯДИНЫ,Ресурсосберегающие технологии производства говядины,h,,
РИСК-МЕНЕДЖМЕНТ,Риск-менеджмент,h,,
РУССКИЙ ЯЗЫК В ДЕЛОВОЙ И НАУЧНОЙ КОММУНИКАЦИИ,Русский язык в деловой и научной коммуникации,h,,
Разведение,Разведение с/х животных,l,,обрезанное название
Разведение с/х животных,Разведение с/х животных,h,,
"Разработка нормативной и технической документации при производстве хлебобулочных, кондитерских и макаронных изделий","Разработка нормативной и технической документации при производстве хлебобулочных, кондитерских и макаронных изделий",h,,
Разработка систем управления качеством в ПТС,Разработка систем управления качеством в ПТС,h,,
Расследование пожаров и основы пожарно-технической экспертизы,Расследование пожаров и основы пожарно-технической экспертизы,h,,
Растениеводство,Растениеводство,h,,
Расширение биоразнообразия с.-х. культур,Расширение биоразнообразия с.-х. культур,h,,
Региональное землеустройство,Региональное землеустройство,h,,
Регулирование зем.-имущественных отношений,Регулирование земельно-имущественных отношений,h,,
Регулирование земельно-имущественных отношений,Регулирование земельно-имущественных отношений,h,,
Регуляция численности вредителей в агроценозах,Регуляция численности вредителей в агроценозах,h,,
Рекламная деятельность предприятия общественного питания,Рекламная деятельность предприятия общественного питания,h,,
Реконструкция и ремонт инженерных систем,Реконструкция и ремонт инженерных систем и сооружений,h,,обрезанное название; Михеева 503
Рекультивация загрязненных и деградированных территорий,Рекультивация загрязненных и деградированных территорий,h,,
Релейная защита и автоматика,Релейная защита и автоматика,h,,
Ремонт и утилизация,Ремонт и утилизация автомобилей и тракторов,h,,"обрезанное название; Исаев, Березкин 117"
Ремонт и утилизация автомобилей и тракторов,Ремонт и утилизация автомобилей и тракторов,h,,
Реология и текстурный анализ мяса и мясных продуктов,Реология и текстурный анализ мяса и мясных продуктов,h,,
Ресурсосберегающие технол. в растениеводстве,Ресурсосберегающие технологии в растениеводстве,h,,сокращение «технол.»
Ресурсосберегающие технологии в аквакультуре,Ресурсосберегающие технологии в аквакультуре,h,,
Ресурсосберегающие технологии в природопользовании,Ресурсосберегающие технологии в природопользовании,h,,
Ресурсосберегающие технологии кормопроизводства,Ресурсосберегающие технологии кормопроизводства,h,,
Риск-менеджмент,Риск-менеджмент,h,,
Риски в управлении недвижимостью,Риски в управлении недвижимостью,h,,
Роботизированные технические средства,Роботизированные технические средства,h,,
Руководство разработкой и внедрение СКиБ,Руководство разработкой и внедрение СКиБ,h,,
Рус. язык в деловой и научной коммунникации,Русский язык в деловой и научной коммуникации,h,,
Рус. язык и культура речи,Русский язык и культура речи,h,,
Рус.язык в деловой и научной коммунникации,Русский язык в деловой и научной коммуникации,h,,
Русский язык,Русский язык,h,,
Русский язык в деловой и науч. коммуникации,Русский язык в деловой и научной коммуникации,h,,
Русский язык в деловой и научной коммуникации,Русский язык в деловой и научной коммуникации,h,,
Русский язык в деловой и научной комуникации,Русский язык в деловой и научной коммуникации,h,,
Русский язык и культура речи,Русский язык и культура речи,h,,
Руссксй язык и культура речи,Русский язык и культура речи,h,,
Руссский язык в деловой и научной коммунникации,Русский язык в деловой и научной коммуникации,h,,
САНИТАРНАЯ ГИДРОБИОЛОГИЯ,Санитарная гидробиология,h,,
САПР в энергетике,САПР в энергетике,h,,
СВЕТОТЕХНИКА,Светотехника,h,,
СВИНОВОДСТВО,Свиноводство,h,,
СЕЛЕКЦИОННО-ПЛЕМЕННАЯ РАБОТА В ЖИВОТНОВОДСТВЕ,Селекционно-племенная работа в животноводстве,h,,
СЕЛЕКЦИЯ ВИНОГРАДА,Селекция винограда,h,,
СЕЛЕКЦИЯ И СЕМЕНОВОДСТВО ПОЛЕВЫХ КУЛЬТУР,Селекция и семеноводство полевых культур,h,,
СЕЛЬСКОХ. МАШИНЫ,Сельскохозяйственные машины,h,,сокращение «СЕЛЬСКОХ.»; Шардина 131
СЕЛЬСКОХОЗЯЙСТВЕННАЯ БИОТЕХНОЛОГИЯ,Сельскохозяйственная биотехнология,h,,
СЕЛЬСКОХОЗЯЙСТВЕННАЯ МЕЛИОРАЦИЯ,Сельскохозяйственная мелиорация,h,,
СЕМИНАР ПО ЭКОНОМИКЕ ПРОИЗВОДСТВА,Семинар по экономике производства,h,,регистр «ПО»
СЕРТИФИКАЦИЯ СИСТЕМ КАЧЕСТВА,Сертификация систем качества,h,,
СИСТЕМА ЗАЩИТЫ ОВОЩ. И ДЕКОР. КУЛЬТУР ОТ ВРЕДИТЕЛЕЙ И БОЛЕЗНЕЙ,Система защиты овощных и декоративных культур от вредителей и болезней,h,,"сокращения, регистр «И», «ОТ»"
СИСТЕМНЫЙ КОУЧИНГ В ПТС,Системный коучинг в ПТС,h,,
СИСТЕМНЫЙ ПОДХОД В НАУЧНОЙ И ПРАКТИЧЕСКОЙ ДЕЯТЕЛЬНОСТИ,Системный подход в научной и практической деятельности,h,,канон с опечаткой «Систеный»
СИСТЕМНЫЙ ПОДХОД И СИСТЕМНЫЙ АНАЛИЗ В ПТС,Системный подход и системный анализ в ПТС,h,,
СИСТЕМЫ АВТОМ ПРОЕКТИРОВАНИЯ,Системы автоматизированного проектирования автомобилей и тракторов,l,,"сокращение; Азизов, как у 1424"
СИСТЕМЫ АВТОМАТИЗИРОВАННОГО ПРОЕКТИРОВАНИЯ,Системы автоматизированного проектирования,h,,
СИСТЕМЫ ЗАЩИТЫ РАСТЕНИЙ,Системы защиты растений,h,,
СИСТЕМЫ ЗЕМЛЕДЕЛИЯ,Системы земледелия,h,,
СИСТЕМЫ ОТВОДА И ОЧИСТКИ,Системы отвода и очистки поверхностного стока,h,,обрезанное название; Прокопец 532
СИСТЕМЫ ОТВОДА И ОЧИСТКИ ПОВЕРХНОСТНОГО СТОКА,Системы отвода и очистки поверхностного стока,h,,
СИСТЕМЫ ПРОТИВОПОЖАРНОЙ ЗАЩИТЫ,Системы противопожарной защиты,h,,
СКОТОВОДСТВО,Скотоводство,h,,
СОВР. МЕТОДЫ ПРОГРАММИРОВАНИЯ,Современные методы программирования урожаев сельскохозяйственных культур,h,,обрезанное название; Шьюрова 712 — не информатика
СОВР. ПРОБЛ. В ОБЩЕМ ОВОЩ.,Современные проблемы в общем овощеводстве,h,,сокращения; Лихацкая 430
СОВР. ТЕХНОЛОГИЧ. ОБОРУДОВАНИЕ,Современное технологическое оборудование,h,,
СОВР.МЕТОДЫ ВСЕОБЩ.УПР.КАЧЕСТВ.,Современные методы всеобщего управления качеством,h,,сокращения; Дмитриенко
СОВРЕМЕННАЯ С.-Х. ТЕХНИКА,Современная с.-х. техника,h,,
СОВРЕМЕНННЫЕ ИНСТРУМЕНТЫ КОНТРОЛЯ ТЕХНОЛОГИЧЕСКИХ ПРОЦЕССОВ,Современные инструменты контроля технологических процессов,h,,
СОВРЕМЕННОЕ УСТРОЙСТВО РЕЛЕЙНОЙ ЗАЩИТЫ И АВТОМАТИКИ,Современное устройство релейной защиты и автоматики,h,,
"СОВРЕМЕННЫЕ БИОРЕСУРСЫ, ПРИМЕНЯЕМЫЕ В МЖИ","Современные биоресурсы, применяемые в МЖИ",h,,пробел после запятой
СОВРЕМЕННЫЕ ДОСТИЖЕНИЯ,Современные достижения мировой науки в защите растений,l,,обрезанное название; Еськов 434
СОВРЕМЕННЫЕ ИНФОРМАЦ. СИСТЕМЫ,Современные информационные системы,h,,
СОВРЕМЕННЫЕ ПОДХОДЫ В СОЗДАНИИ ФУНКЦИОНАЛЬНЫХ МЯСНЫХ И МОЛОЧНЫХ ПРОДУКТОВ,Современные подходы в создании функциональных мясных и молочных продуктов,h,,
СОВРЕМЕННЫЕ ПРИОРИТЕТЫ РАЗВИТИЯ ТЕХНОЛОГИИ ЖИРОВ И ЭФИР. МАСЕЛ,Современные приоритеты развития технологии жиров и эфирных масел,h,,"сокращение «ЭФИР.», регистр «И»"
СОВРЕМЕННЫЕ ПРОБЛЕМЫ В ТЕХНОСФЕРНОЙ БЕЗОПАСНОСТИ,Современные проблемы в техносферной безопасности,h,,
СОВРЕМЕННЫЕ ПРОБЛЕМЫ ЗООТЕХНИИ,Современные проблемы зоотехнии,h,,
СОВРЕМЕННЫЕ ПРОБЛЕМЫ И ПЕРСПЕКТИВЫ РАЗВИТИЯ АКВАКУЛЬТУРЫ,Современные проблемы и перспективы развития аквакультуры,h,,
СОВРЕМЕННЫЕ ПРОБЛЕМЫ МЕЛИОРАЦИИ,Современные проблемы мелиорации,h,,
СОВРЕМЕННЫЕ СПОСОБЫ ДИАГНОСТИР.,Современные способы диагностирования электроустановок,h,,обрезанное название; Иванкина 420
СОВРЕМЕННЫЕ СПОСОБЫ ДИАГНОСТИРОВАНИЯ ЭЛЕКТРОУСТАНОВОК,Современные способы диагностирования электроустановок,h,,
СОВРЕМЕННЫЕ ТЕХНОЛОГИИ,Современные технологии восстановления,l,,обрезанное название; Венскайтис 115
СОДЕРЖАНИЕ ТЕРРИТОРИЙ,"Содержание территорий, зданий и сооружений",h,,обрезанное название; Надежкина
СОЗДАНИЕ И ПОДДЕРЖАНИЕ МИКРОКЛИМАТА,Создание и поддержание микроклимата,h,,
СОПРОТИВЛЕНИЕ МАТЕРИАЛОВ,Сопротивление материалов,h,,
СОРТОВЫЕ ТЕХНОЛОГИИ,Сортовые технологии,h,,
СОЦИАЛЬНЫЕ И ФИЛОСОФСКИЕ ПРОБЛЕМЫ ИНФОРМАЦИОННОГО ОБЩЕСТВА,Социальные и философские проблемы информационного общества,h,,
СОЦИОЛОГИЯ,Социология,h,,
СПЕЦ.ПЕДАГОГИКА И СПЕЦ. ПСИХОЛОГИЯ,Специальная педагогика и специальная психология,h,,сокращение «СПЕЦ.»; Измайлова
СПЕЦИАЛЬНАЯ ПЕДАГОГИКА,Специальная педагогика и специальная психология,l,,обрезанное название; Измайлова
СПЕЦИАЛЬНАЯ ПЕДАГОГИКА И СПЕЦИАЛЬНАЯ ПСИХОЛОГИЯ,Специальная педагогика и специальная психология,h,,
СПЕЦИАЛЬНАЯ ПСИХОЛОГИЯ И СПЕЦИАЛЬНАЯ ПЕДАГОГИКА,Специальная педагогика и специальная психология,l,,слова переставлены
СПОСОБЫ ПОЛНОЦЕННОГО КОРМЛЕНИЯ ЖИВОТНЫХ,Способы полноценного кормления животных,h,,
ССИПТП,ССИПТП,h,,аббревиатура испорчена регистром
СТАНДАРТИЗАЦИЯ И СЕРТИФИКАЦИЯ ПРОДУКЦИИ РАСТ-ВА,Стандартизация и сертификация продукции растениеводства,h,,сокращение
СТАНДАРТИЗАЦИЯ ПРЕДПРИЯТИЙ ОБЩЕСТВЕННОГО ПИТАНИЯ,Стандартизация предприятий общественного питания,h,,
СТАНДАРТИЗАЦИЯ ТЕХНОЛОГИЧЕСКИХ ПРОЦЕССОВ доцкент,Стандартизация технологических процессов,h,,опечатка в звании «доцкент» приклеилась к названию
"СТАНДАРТИЗАЦИЯ, МЕТРОЛОГИЧЕСКОЕ ОБЕСПЕЧЕНИЕ И ТЕХН.КОНТРОЛЬ","Стандартизация, метрологическое обеспечение и технический контроль",h,,
СТАТ. АНАЛИЗ ДАННЫХ В МАРКЕТ. ДЕЯТ.,Статистический анализ данных в маркетинговой деятельности,h,,сокращения; Ткачев
СТАТ. МЕТОДЫ РЫНОЧНОЙ АНАЛИТИКИ,Статистические методы рыночной аналитики в АПК,l,,сокращение «СТАТ.»
СТАТИСТИКА,Статистика,h,,
СТАТИСТИЧЕСКИЕ МЕТОДЫ ИССЛЕДОВАНИЙ В УПРАВЛЕНИИ НЕДВИЖИМОСТЬЮ,Статистические методы исследований в управлении недвижимостью,h,,регистр «В»
СТАТИСТИЧЕСКИЕ МЕТОДЫ ОБРАБОТКИ ДАННЫХ,Статистические методы обработки данных,h,,
СТРАТЕГИИ ИННОВАЦИОННОГО РАЗВИТИЯ,Стратегии инновационного развития,h,,
СТРАТЕГИИ РАЗВИТИЯ АГР. ЭКОН.,Стратегии развития аграрной экономики,h,,
СТРАТЕГИЧ. МЕНЕДЖМЕНТ,Стратегический менеджмент,h,,
СТРАТЕГИЧЕСКИЙ МЕНЕДЖ,Стратегический менеджмент,h,,обрезано «МЕНЕДЖ»; Александрова
СТРАТЕГИЧЕСКИЙ МЕНЕДЖМЕНТ,Стратегический менеджмент,h,,
СТРАТЕГИЧЕСКОЕ ПЛАНИРОВАНИЕ ПРОИЗВОДСТВА,Стратегическое планирование производства,h,,
СТРАТЕГИЧЕСКОЕ УПРАВЛЕНИЕ НА ПРЕДПРИЯТИИ АПК,Стратегическое управление на предприятии АПК,h,,
СТРАХОВАНИЕ,Страхование,h,,
СТРОИТ. И СОДЕРЖАНИЕ СПЕЦИАЛИЗ.ОБЪЕКТОВ ЛА,Строительство и содержание специализированных объектов ландшафтной архитектуры,h,,"сокращения «СТРОИТ.», «СПЕЦИАЛИЗ.», ЛА"
СТРОИТЕЛЬНАЯ МЕХАНИКА,Строительная механика,h,,
СТРОИТЕЛЬНЫЕ МАТЕРИАЛЫ,Строительные материалы,h,,
СТРОИТЕЛЬСТВО И СОДЕРЖАНИЕ ОБЪЕКТОВ ЛА,Строительство и содержание объектов ландшафтной архитектуры,h,,аббревиатура ЛА
СТРОИТЕЛЬСТВО И СОДЕРЖАНИЕ ОБЪЕКТОВ ЛАНДШАФТНОЙ АРХИТЕКТУРЫ,Строительство и содержание объектов ландшафтной архитектуры,h,,регистр «И»
СТРОИТЕЛЬСТВО И СОДЕРЖАНИЕ СПЕЦИАЛИЗИРОВАННЫХ ОБЪЕКТОВ ЛАНДШАФТНОЙ АРХИТЕКТУРЫ,Строительство и содержание специализированных объектов ландшафтной архитектуры,h,,
СТРУКТУРА ПИЩЕВЫХ СИСТЕМ,Структура пищевых систем,h,,
СЫРЬЕВАЯ БАЗА РЫБНОЙ ПРОМЫШЛЕННОСТИ,Сырьевая база рыбной промышленности,h,,
Санитарная гидробиология,Санитарная гидробиология,h,,
Свиноводство,Свиноводство,h,,
Селекционно-племенная работа в животноводстве,Селекционно-племенная работа в животноводстве,h,,
Селекция винограда,Селекция винограда,h,,
Селекция и семеноводство полевых культур,Селекция и семеноводство полевых культур,h,,
Сельскохозяйственная биотехнология,Сельскохозяйственная биотехнология,h,,
Сельскохозяйственная мелиорация,Сельскохозяйственная мелиорация,h,,
Семинар по экономике пр-ва,Семинар по экономике производства,h,,сокращение «пр-ва»; Потоцкая 431а
Сертификация систем качества,Сертификация систем качества,h,,
Система защиты декор. культур от вредителей и болезней,Система защиты овощных и декоративных культур от вредителей и болезней,l,,"Суминова 430, та же дисциплина без «овощ.»"
"Система испытаний, оценки, отбора и племенного подбора сельскохозяйственных","Система испытаний, оценки, отбора и племенного подбора сельскохозяйственных животных",h,,обрезанное название
"Система испытаний,оценки,отбора и плем.подбора с/х животных","Система испытаний, оценки, отбора и племенного подбора сельскохозяйственных животных",h,,"сокращения «плем.», «с/х»"
Системный коучинг в ПТС,Системный коучинг в ПТС,h,,
Системный подход и системный анализ в ПТС,Системный подход и системный анализ в ПТС,h,,
Системы защиты растений,Системы защиты растений,h,,
Системы земледелия,Системы земледелия,h,,
Системы и способы содержания овец в Поволжье,Системы и способы содержания овец в Поволжье,h,,
Системы отвода и очистки поверхностного стока,Системы отвода и очистки поверхностного стока,h,,
Систеный подход в научной и практической деятельности,Системный подход в научной и практической деятельности,h,,опечатка «Систеный»
Скотоводство,Скотоводство,h,,
Совр. приоритеты развития технологии жиров и раст. масел,Современные приоритеты развития технологии жиров и растительных масел,h,,"сокращения «Совр.», «раст.»"
Соврем. достижения мировой науки в ЗР,Современные достижения мировой науки в защите растений,h,,аббревиатура ЗР; Еськов 434
Соврем. проблемы в общем овощеводстве,Современные проблемы в общем овощеводстве,h,,сокращение «Соврем.»
Современная с.-х. техника,Современная с.-х. техника,h,,
"Современные биоресурсы,применяемые в МЖИ","Современные биоресурсы, применяемые в МЖИ",h,,пробел после запятой
Современные инструменты контроля технологических процессов,Современные инструменты контроля технологических процессов,h,,
Современные методы всеобщего управления качеством,Современные методы всеобщего управления качеством,h,,
Современные методы програмир. урожаев с.-х. культур,Современные методы программирования урожаев сельскохозяйственных культур,h,,"сокращения «програмир.», «с.-х.»"
Современные подходы в создании функциональных мясных и молочных продуктов,Современные подходы в создании функциональных мясных и молочных продуктов,h,,
Современные проблемы зоотехнии,Современные проблемы зоотехнии,h,,
Современные проблемы и перспективы развития аквакультуры,Современные проблемы и перспективы развития аквакультуры,h,,
Современные проблемы науки в сфере общественного питания,Современные проблемы науки в сфере общественного питания,h,,
Современые подходы в создании функциональных мясных и молочных продуктов,Современные подходы в создании функциональных мясных и молочных продуктов,h,,
Сортовые технологии,Сортовые технологии,h,,
Социология,Социология,h,,
Спец. педагогика и психология,Специальная педагогика и специальная психология,h,,сокращение «Спец.»
Специальная педагогика и спец. психология,Специальная педагогика и специальная психология,h,,
Специальная педагогика и специальная педагогика,Специальная педагогика и специальная психология,h,,опечатка: «педагогика» дважды
Специальная педагогика и специальная психология,Специальная педагогика и специальная психология,h,,
Способы полноценного кормления животных,Способы полноценного кормления животных,h,,
Средства управления роботизированными системами в техническом сервисе,Средства управления роботизированными системами в техническом сервисе,h,,
Стандарт организации предприятий общественного питания,Стандартизация предприятий общественного питания,l,,"«Стандарт организации» — тот же преподаватель Макарова, С-149"
Стандартизация технологических процессов,Стандартизация технологических процессов,h,,
"Стандартизация, метрологическое обеспечение и технический контроль","Стандартизация, метрологическое обеспечение и технический контроль",h,,
Статистика,Статистика,h,,
Статистически методы исследований в упр-нии недвиж-ю,Статистические методы исследований в управлении недвижимостью,h,,"сокращения «упр-нии недвиж-ю», опечатка"
Статистические методы,Статистические методы,l,,"ВТ-50x, Пахомова Т.В.; полное название в PDF не указано"
Статистические методы обработки данных,Статистические методы обработки данных,h,,
Статистические методы обработки данных в ТППЖ,Статистические методы обработки данных в ТППЖ,h,,
Статистические методы обработки данных в автомобиле- и тракторостроении,Статистические методы обработки данных в автомобиле- и тракторостроении,h,,
Статистические методы обработки данных в аквакультуре,Статистические методы обработки данных в аквакультуре,h,,
Статистические методы обработки данных в зем-ве и кадастрах,Статистические методы обработки данных в землеустройстве и кадастрах,h,,сокращение «зем-ве»
Статистические методы обработки данных в зоотехнии,Статистические методы обработки данных в зоотехнии,h,,
Статистические методы обработки данных в ландшафтной архитектуре,Статистические методы обработки данных в ландшафтной архитектуре,h,,
Статистические методы обработки данных в технологии продуктов питания из растительного сырья,Статистические методы обработки данных в технологии продуктов питания из растительного сырья,h,,
Статистические методы обработки данных в управлении качеством,Статистические методы обработки данных в управлении качеством,h,,
Статистические методы обработки данных в экологии и природопользовании,Статистические методы обработки данных в экологии и природопользовании,h,,
Статистические методы обработкт данных в технологии прод-ов питания из раст-го сырья,Статистические методы обработки данных в технологии продуктов питания из растительного сырья,h,,
Статистические методы рыночной аналитики в АПК,Статистические методы рыночной аналитики в АПК,h,,
Статистический анализ данных в маркетинговой деятельности,Статистический анализ данных в маркетинговой деятельности,h,,
Стратегии инновационного развития,Стратегии инновационного развития,h,,
Стратегии развития аграрной экономики,Стратегии развития аграрной экономики,h,,
Стратегич. управление на предприятии АПК,Стратегическое управление на предприятии АПК,h,,
Стратегический менеджмент,Стратегический менеджмент,h,,
Стратегическое планирование производства,Стратегическое планирование производства,h,,
Стратегическое управление на предприятии АПК,Стратегическое управление на предприятии АПК,h,,
Страхование,Страхование,h,,
Строительство и содержание объектов ландшафтной,Строительство и содержание объектов ландшафтной архитектуры,h,,обрезанное название
Строительство и содержание специализированных объектов ландшафтной архитектуры,Строительство и содержание специализированных объектов ландшафтной архитектуры,h,,
Структура пищевых систем,Структура пищевых систем,h,,
Сырьевая база,Сырьевая база рыбной промышленности,h,,обрезанное название; Руднева
ТАРА И УПАКОВКА ПРОДУКТОВ И ТОВАРОВ ПИЩЕВЫХ ПРОИЗВОДСТВ,Тара и упаковка продуктов и товаров пищевых производств,h,,
ТЕЛЕМЕТРИЧЕСКИЕ СИСТЕМЫ,Телеметрические системы,h,,
ТЕОРЕТ. ОСН. ЭКОЛ. ЛИЦЕНЗИР.,Теоретические основы экологического лицензирования,h,,сокращения
ТЕОРЕТИЧЕСКАЯ МЕХАНИКА,Теоретическая механика,h,,
ТЕОРЕТИЧЕСКИЕ ОСНОВЫ ГИДРОМЕЛИОРАЦИИ,Теоретические основы гидромелиорации,h,,
ТЕОРЕТИЧЕСКИЕ ОСНОВЫ МИКРОКЛИМАТА,Теоретические основы микроклимата,h,,
ТЕОРЕТИЧЕСКИЕ ОСНОВЫ ЭЛЕКТРОТЕХНИКИ,Теоретические основы электротехники,h,,
ТЕОРИЯ ВЕРОЯТНОСТИ,Теория вероятности и математическая статистика,l,,обрезанное название; Кочегарова
ТЕОРИЯ ВЕРОЯТНОСТИ И МАТЕМАТИЧЕСКАЯ СТАТИСТИКА,Теория вероятности и математическая статистика,h,,
ТЕОРИЯ ГОРЕНИЯ И ВЗРЫВА,Теория горения и взрыва,h,,
ТЕОРИЯ И МЕТОДЫ ОЦЕНКИ ВОЗДЕЙСТВИЯ НА ОС,Теория и методы оценки воздействия на окружающую среду,h,,аббревиатура ОС; Мохонько 336
ТЕОРИЯ ИСКУССТВЕННОГО ИНТЕЛЛЕКТА,Теория искусственного интеллекта,h,,
ТЕОРИЯ ЛАНДШАФТНОЙ АРХИТЕКТУРЫ,Теория ландшафтной архитектуры,h,,
ТЕОРИЯ ОРГАНИЗАЦИИ,Теория организации,h,,
ТЕОРИЯ СИСТЕМ И СИСТЕМНЫЙ АНАЛИЗ,Теория систем и системный анализ,h,,
ТЕПЛО И ХЛАДОТЕХНИКА,Тепло и хладотехника,h,,
ТЕПЛОГАЗОСНАБЖ С ОСНОВАМИ ТЕПЛОТЕХН,Теплогазоснабжение с основами теплотехники,h,,
ТЕПЛОГАЗОСНАБЖЕНИЕ,Теплогазоснабжение,h,,
ТЕПЛОГЕНЕРИРУЮЩИЕ УСТАНОВКИ,Теплогенерирующие установки,h,,
ТЕПЛОМАССООБМЕН,Тепломассообмен,h,,
ТЕПЛОСНАБЖЕНИЕ,Теплоснабжение,h,,
ТЕПЛОТЕХНИКА,Теплотехника,h,,
ТЕСТИРОВАНИЕ ПО ПРЕДПРИЯТИЙ И ОРГ.,Тестирование ПО предприятий и организаций,h,,сокращение «ОРГ.»
ТЕХН КОМП МОД В С.Х.,Технологии компьютерного моделирования в сельском хозяйстве,l,,сокращение «ТЕХН КОМП МОД В С.Х.»; Леонтьев
ТЕХН. ОБЕСПЕЧЕНИЕ ЗАЩИТЫ РАСТЕНИЙ,Техническое обеспечение защиты растений,h,,
ТЕХН. ОБЕСПЕЧЕНИЕ СЕЛЕКЦИИ И СЕМЕНОВОДСТВА,Техническое обеспечение селекции и семеноводства,h,,канон с опечаткой «обеспеченпие»
ТЕХН. ОБЕСПЕЧЕНИЕ СЕЛЬСКОГО ХОЗ-ВА,Техническое обеспечение сельского хозяйства,h,,
ТЕХНИЧЕСКАЯ ТЕРМОДИНАМИКА,Техническая термодинамика,h,,
ТЕХНИЧЕСКИЕ АСПЕКТЫ ПРОЕКТ. ОБОРУД. ДЛЯ ПРОИЗ. ПРОД. ПИТАНИЯ,Технические аспекты проектирования оборудования для производства продуктов питания,h,,сокращения; Мокрецов
ТЕХНИЧЕСКИЕ АСПЕКТЫ ПРОЕКТИРОВАНИЯ ОБОРУДОВАНИЯ ДЛЯ ПРОИЗВОДСТВА ПРОДУКЦИИ ОБЩЕСТВЕННОГО ПИТАНИЯ,Технические аспекты проектирования оборудования для производства продукции общественного питания,h,,регистр «ДЛЯ»
ТЕХНИЧЕСКИЕ ОСНОВЫ ПРОЕКТИРОВАНИЯ Б.Т.Х. ОБОРУДОВАНИЯ,Технические основы проектирования Б.Т.Х. оборудования,h,,регистр; раньше с «352.31»
ТЕХНИЧЕСКИЕ ОСНОВЫ ПРОЕКТИРОВАНИЯ ОБОРУД-ИЯ ДЛЯ ПР-ВА ПРОД-ОВ ПИТАНИЯ,Технические основы проектирования оборудования для производства продуктов питания,h,,"сокращения «оборуд-ия», «пр-ва», «прод-ов»"
ТЕХНИЧЕСКИЕ ОСНОВЫ ПРОЕКТИРОВАНИЯ ОБОРУДОВАНИЯ ПиПП,Технические основы проектирования оборудования ПиПП,h,,регистр
ТЕХНИЧЕСКИЕ СРЕДСТВА НА БАЗЕ АВТОМОБИЛЕЙ И ТРАКТОРОВ,Технические средства на базе автомобилей и тракторов,h,,"регистр «НА», «И»"
ТЕХНИЧЕСКИЕ УСТРОЙСТВА,Технические устройства,h,,
ТЕХНИЧЕСКОЕ ОБЕСПЕЧЕНИЕ МОНИТОРИНГА ЗЕМЕЛЬ,Техническое обеспечение мониторинга земель,h,,
ТЕХНИЧЕСКОЕ СОПРОВОЖДЕНИЕ ПРОИЗВВОДСТВЕННЫХ ПРОЦЕССОВ В АПК,Техническое сопровождение производственных процессов в АПК,h,,"опечатка «произвводственных», регистр «В»"
"ТЕХНО-ХИМИЧЕСКИЙ КОНТОРОЛЬ ПРОИЗВОДСТВА ХЛЕБОБУЛОЧНЫХ, КОНДИТЕРСКИХ И МАКАРОННЫХ ИЗДЕЛИЙ","Технохимический контроль производства хлебобулочных, кондитерских и макаронных изделий",h,,"опечатка «контороль», регистр «И»"
ТЕХНОЛ. СБЕРЕГАЮЩЕГО ЗЕМЛЕДЕЛИЯ,Технологии сберегающего земледелия,h,,
ТЕХНОЛОГ. ПОТОКИ ПРОИЗВОДСТВ НА ПРЕДПРИЯТИЯХ ОБЩЕСТ. ПИТАНИЯ,Технологические потоки производств на предприятиях общественного питания,h,,"сокращения, регистр «НА»"
ТЕХНОЛОГИИ АВТОМАТИЗАЦИИ,Технологии автоматизации типовых управленческих задач,l,,обрезанное название; Пахомова 529
ТЕХНОЛОГИИ БЛОКЧЕЙН В ФИНАНСАХ,Технологии блокчейн в финансах,h,,
ТЕХНОЛОГИИ ГЕОПРОСТРАНСТВЕННОГО АНАЛИЗА,Технологии геопространственного анализа,h,,
ТЕХНОЛОГИИ И ТЕХНИЧ. СРЕД,Технологии и технические средства,h,,
ТЕХНОЛОГИИ ПРОДУКТОВ ДЛЯ СПЕЦИАЛЬНЫХ ВИДОВЫ ПИТАНИЯ,Технология продуктов для специальных видов питания,h,,
ТЕХНОЛОГИИ ПРОИЗВОДСТВА,Технология производства продукции АПК,l,,обрезанное название; Старцев 131
ТЕХНОЛОГИИ РАЗРАБОТКИ ВЕБ-СИСТЕМ,Технологии разработки веб-систем,h,,
ТЕХНОЛОГИЧЕСКАЯ ДОКУМ В ТЕХН.СЕРВ,Технологическая документация в техническом сервисе,h,,сокращения; Венскайтис 115
ТЕХНОЛОГИЧЕСКАЯ ДОКУМЕНТАЦИЯ В ТЕХНИЧЕСКОМ СЕРВИСЕ,Технологическая документация в техническом сервисе,h,,
ТЕХНОЛОГИЧЕСКИЕ ПОТОКИ ПРОИЗВОДСТВ НА ПРЕДПРИЯТИЯХ ОБЩЕСТВЕННОГО ПИТАНИЯ,Технологические потоки производств на предприятиях общественного питания,h,,регистр «НА»
ТЕХНОЛОГИЧЕСКОЕ ОБОРУДОВАНИЕ МЯСНОЙ ОТРАСЛИ,Технологическое оборудование мясной отрасли,h,,
ТЕХНОЛОГИЧЕСКОЕ ПРОЕКТИРОВАНИЕ,Технологическое проектирование,h,,
ТЕХНОЛОГИЧЕСКОЕ ПРОЕКТИРОВАНИЕ СПЕЦИАЛИЗИРОВАННЫХ ПРЕДПРИЯТИЙ,Технологическое проектирование специализированных предприятий,h,,
ТЕХНОЛОГИЯ БАРНОГО СЕРВИСА,Технология барного сервиса на предприятиях общественного питания,l,,обрезанное название
ТЕХНОЛОГИЯ БЛЮД ЗАРУБЕЖНОЙ КУХНИ,Технология блюд зарубежной кухни,h,,
ТЕХНОЛОГИЯ ВОССТАНОВЛЕНИЯ РАБОТОСПОСОБНОСТИ ТЕХНИЧЕСКИХ СРЕДСТВ В АПК,Технология восстановления работоспособности технических средств в АПК,h,,
ТЕХНОЛОГИЯ ДЕРЕВООБРАБАТЫВАЮЩЕГО ПРОИЗВОДСТВА,Технология деревообрабатывающего производства,h,,
ТЕХНОЛОГИЯ ЗАЩИТЫ ПРОДУКЦИИ РАСТЕНИЕВОДСТВА,Технология защиты продукции растениеводства,h,,
ТЕХНОЛОГИЯ И ОБОРУД РУБОК ЛЕСНЫХ НАСАЖДЕНИЙ,Технология и оборудование рубок лесных насаждений,h,,
ТЕХНОЛОГИЯ И ОРГАНИЗАЦИЯ ДЕТСКОГО ПИТАНИЯ,Технология и организация детского питания,h,,канон с опечаткой «оргапнизация»
ТЕХНОЛОГИЯ И ОРГАНИЗАЦИЯ ДИЕТИЧЕСКОГО ПИТАНИЯ,Технология и организация диетического питания,h,,
ТЕХНОЛОГИЯ ЛЕСОЗАЩИТЫ,Технология лесозащиты,h,,
"ТЕХНОЛОГИЯ ЛЕЧЕБНО-ПРОФИЛАКТИЧЕСКИХ И ДИЕТИЧЕСКИХ ХЛЕБОБУЛОЧНЫХ, МУЧНЫХ КОНДИТЕРСКИХ ИЗДЕЛИЙ","Технология лечебно-профилактических и диетических хлебобулочных, мучных кондитерских изделий",h,,регистр «И»
"ТЕХНОЛОГИЯ ЛЕЧЕБНОПРОФИЛАКТИЧЕСКИХ И ДИЕТИЧЕСКИХ Х/Б,МУЧНЫХ И МАКАРОННЫХ ИЗДЕЛИЙ","Технология лечебно-профилактических и диетических хлебобулочных, мучных кондитерских изделий",l,,"тот же преподаватель Садыгова; «х/б», «макаронных»"
ТЕХНОЛОГИЯ МЕБЕЛЬНОГО ПРОИЗВОДСТВА,Технология мебельного производства,h,,
ТЕХНОЛОГИЯ МЯСА И МЯСНЫХ ПРОДУКТОВ,Технология мяса и мясных продуктов,h,,
ТЕХНОЛОГИЯ ПЕРВИЧНОЙ ПЕРЕРАБОТКИ ПРОДУКТОВ,Технология первичной переработки продуктов,h,,
ТЕХНОЛОГИЯ ПОЛУЧЕНИЯ БИОЛОГИЧЕСКИ АКТТИВНЫХ ВЕЩЕСТВ,Технология получения биологически активных веществ,h,,опечатка «АКТТИВНЫХ»
ТЕХНОЛОГИЯ ПРОДУКТОВ ФУНКЦИОНАЛЬНОГО ПИТАНИЯ,Технология продуктов функционального питания,h,,
ТЕХНОЛОГИЯ ПРОДУКЦИИ ОБЩЕСТВЕННОГО ПИТАНИЯ,Технология продукции общественного питания,h,,
ТЕХНОЛОГИЯ ПРОИЗВОДСТВА АВТО И ТРАКТ,Технология производства автомобилей и тракторов,h,,
ТЕХНОЛОГИЯ ПРОИЗВОДСТВА АВТОМОБИЛЕЙ И ТРАКТОРОВ,Технология производства автомобилей и тракторов,h,,
ТЕХНОЛОГИЯ ПРОИЗВОДСТВА МУКИ,Технология производства муки,h,,
ТЕХНОЛОГИЯ ПРОИЗВОДСТВА ПИЩЕВЫХ ДРОЖЖЕЙ,Технология производства пищевых дрожжей,h,,
ТЕХНОЛОГИЯ ПРОИЗВОДСТВА ТЕПЛОВ. И ЭЛЕКТРИЧЕСКОЙ ЭНЕРГИИ,Технология производства тепловой и электрической энергии,h,,
ТЕХНОЛОГИЯ ПРОИЗВОДСТВА Х/Б ИЗДЕЛИЙ,Технология производства х/б изделий,h,,
ТЕХНОЛОГИЯ РАЗРАБОТКИ СТАНДАРТОВ И НОРМАТИВНОЙ ДОКУМЕНТАЦИИ,Технология разработки стандартов и нормативной документации,h,,
ТЕХНОЛОГИЯ РЕМОНТА С.Х МАШИН,Технология ремонта сельскохозяйственных машин,h,,сокращение «С.Х»; Горбушин 122
ТЕХНОЛОГИЯ РЕМОНТА ТРАК И АВТ В АПК,Технология ремонта тракторов и автомобилей в АПК,h,,сокращения «ТРАК И АВТ»
ТЕХНОЛОГИЯ РЕМОНТА ТРАКТОРОВ И АВТОМОБИЛЕЙ В АПК,Технология ремонта тракторов и автомобилей в АПК,h,,регистр «апк»
ТЕХНОЛОГИЯ РЕСТОРАННОГО СЕРВИСА,Технология ресторанного сервиса,h,,
ТЕХНОЛОГИЯ САХАРИСТЫХ КОНДИТЕРСКИХ ИЗДЕЛИЙ,Технология сахаристых кондитерских изделий,h,,
ТЕХНОЛОГИЯ ХРАНЕНИЯ И ПЕРЕРАБ. ПРОДУКЦИИ РАСТЕНИЕВОДСТВА,Технология хранения и переработки продукции растениеводства,h,,
ТЕХНОЛОГИЯ ХРАНЕНИЯ И ПЕРЕРАБОТКИ ПРОДУКЦИИ ЖИВОТНОВОДСТВА,Технология хранения и переработки продукции животноводства,h,,
ТЕХНОЛОГИЯ ХРАНЕНИЯ И ПЕРЕРАБОТКИ ПРОДУКЦИИ РАСТЕНИЕВОДСТВА,Технология хранения и переработки продукции растениеводства,h,,
ТЕХНОХИМИЧЕСКИЙ КОНТРОЛЬ В МЯСНОЙ ОТРАСЛИ,Технохимический контроль в мясной отрасли,h,,
ТЕХНОХИМИЧЕСКИЙ КОНТРОЛЬ ПИЩЕВЫХ ПРОДУКТОВ,Технохимический контроль пищевых продуктов,h,,
ТЕХНОХИМИЧЕСКИЙ КОНТРОЛЬ ПРОДУКЦИИ ОБЩЕСТВЕННОГО ПИТАНИЯ,Технохимический контроль продукции общественного питания,h,,
ТОВАРНОЕ РЫБОВОДСТВО,Товарное рыбоводство,h,,
ТОВАРНЫЙ МЕНЕДЖМЕНТ В АГРОБИЗНЕСЕ,Товарный менеджмент в агробизнесе,h,,
ТОВАРОВЕДЕНИЕ,Товароведение,h,,"регистр; раньше с приклеенной «Карабаева М,Э.»"
ТОКСИКОЛОГИЯ,Токсикология,h,,
ТОПЛИВОСНАБЖЕНИЕ И ТОПЛИВНЫЕ ХОЗЯЙСТВА,Топливоснабжение и топливные хозяйства,h,,
ТРАКТОРЫ И АВТОМОБИЛИ,Тракторы и автомобили,h,,
ТРЕХМЕРНОЕ МОДЕЛИРОВАНИЕ ПО ДАННЫМ ДИСТ.ЗОНДИРОВАНИЯ ЗЕМЛИ,Трехмерное моделирование по данным дистанционного зондирования Земли,h,,сокращение «ДИСТ.»; канон с опечаткой
"ТХК ПРОИЗВОДСТВА Х/Б,КОНДИТЕРСКИХ И МАКАРОННЫХ ИЗДЕЛИЙ","Технохимический контроль производства хлебобулочных, кондитерских и макаронных изделий",h,,"аббревиатура ТХК, «Х/Б»; Буховец"
ТХК пищевых продуктов,Технохимический контроль пищевых продуктов,h,,"аббревиатура ТХК; Фоменко, С-152"
"ТХК производства х/б,кондитерских и макаронных изделий","Технохимический контроль производства хлебобулочных, кондитерских и макаронных изделий",h,,"аббревиатура ТХК, «х/б»; Буховец"
ТХНИКА ВЫСОКОГО НАПРЯЖЕНИЯ,Техника высокого напряжения,h,,
Тара и упаковка продуктов и товаров пищевых производств,Тара и упаковка продуктов и товаров пищевых производств,h,,
Теоретические основы экологического лицензирования,Теоретические основы экологического лицензирования,h,,
Теория вероятности,Теория вероятности и математическая статистика,l,,обрезанное название; Кочегарова
Теория и методы оценки воздействия на окружающую среду,Теория и методы оценки воздействия на окружающую среду,h,,
Теория организации,Теория организации,h,,
Теория систем и системный анализ,Теория систем и системный анализ,h,,
Тепло и хладотехника,Тепло и хладотехника,h,,
Тестирование ПО предпр.и организвций,Тестирование ПО предприятий и организаций,h,,"сокращение «предпр.», опечатка «организвций»"
Тестирование ПО предприятий и организвций,Тестирование ПО предприятий и организаций,h,,опечатка «организвций»
Техническая эксплуатация машинно-тракторного парка,Техническая эксплуатация машинно-тракторного парка,h,,
Технические аспекты проектирования оборуд-ия для производства продукции общ-го питания,Технические аспекты проектирования оборудования для производства продукции общественного питания,h,,сокращения; раньше с «352.31»
Технические аспекты проектирования оборудов. для производства продукции общест. питания,Технические аспекты проектирования оборудования для производства продукции общественного питания,h,,"сокращения, регистр «ДЛЯ»"
Технические аспекты проектирования оборудоваия для производства продуктов питания,Технические аспекты проектирования оборудования для производства продуктов питания,h,,
Технические аспекты проектирования оборудования для производства продуктов питания,Технические аспекты проектирования оборудования для производства продуктов питания,h,,
Технические аспекты проектирования оборудования для производства продукции общественного питания,Технические аспекты проектирования оборудования для производства продукции общественного питания,h,,раньше с «352.31»
Технические аспекты проектирования современной агротехники,Технические аспекты проектирования современной агротехники,h,,
Технические основы проектирования Б.Т.Х. оборудования,Технические основы проектирования Б.Т.Х. оборудования,h,,"раньше с «352.31,352.21»"
Технические основы проектирования оборуд-ия для пр-ва прод-ов питания,Технические основы проектирования оборудования для производства продуктов питания,h,,сокращения; раньше с «352.31»
Технические основы проектирования оборудования ПиПП,Технические основы проектирования оборудования ПиПП,h,,раньше с «352.31»
Технические устройства,Технические устройства,h,,
Техническое обеспечение защиты растений,Техническое обеспечение защиты растений,h,,
Техническое обеспечение мониторинга земель,Техническое обеспечение мониторинга земель,h,,
Техническое обеспечение мониторинга земель.,Техническое обеспечение мониторинга земель,h,,
Техническое обеспечение с.-х.,Техническое обеспечение сельского хозяйства,h,,сокращение «с.-х.»; Сураев
Техническое обеспечение сельского хозяйства,Техническое обеспечение сельского хозяйства,h,,
Техническое обеспеченпие селекции и семеноводства,Техническое обеспечение селекции и семеноводства,h,,опечатка «обеспеченпие»
Технол-ие потоки производ. на предпр-ях общ.пит.,Технологические потоки производств на предприятиях общественного питания,h,,сокращение
Технолог. потоки производ. на препредприятиях общест.питания,Технологические потоки производств на предприятиях общественного питания,h,,"сокращения, опечатка «препредприятиях»"
Технологии блокчейн в финансах,Технологии блокчейн в финансах,h,,
Технологии сберегающего земледелия,Технологии сберегающего земледелия,h,,
Технологическая документация в техническом сервисе,Технологическая документация в техническом сервисе,h,,
Технологические и функциональные свойства кулинарной продукции,Технологические и функциональные свойства кулинарной продукции,h,,
Технологическое оборудование мясной отрасли,Технологическое оборудование мясной отрасли,h,,
Технологическое проектирование,Технологическое проектирование,h,,
Технологическое проектирование специализированных предприятий,Технологическое проектирование специализированных предприятий,h,,
Технология барного сервиса на пр-ях общ.питания,Технология барного сервиса на предприятиях общественного питания,h,,сокращения «пр-ях общ.»
Технология блюд зарубежной кухни,Технология блюд зарубежной кухни,h,,
Технология восстановления работоспособности технических средств в АПК,Технология восстановления работоспособности технических средств в АПК,h,,
Технология защиты продукции растениеводства при хранении,Технология защиты продукции растениеводства при хранении,h,,
Технология и организация диетического питания,Технология и организация диетического питания,h,,
Технология и оргапнизация детского питания,Технология и организация детского питания,h,,опечатка «оргапнизация»
Технология искусственного воспроизводства гидробионтов,Технология искусственного воспроизводства гидробионтов,h,,
"Технология лечебнопрофилактических и диетических х/б,мучных и макаронных изделий","Технология лечебно-профилактических и диетических хлебобулочных, мучных кондитерских изделий",l,,"«х/б», «макаронных»"
Технология мяса и мясных продуктов,Технология мяса и мясных продуктов,h,,
Технология первичной переработки продуктов,Технология первичной переработки продуктов,h,,
Технология получения биологически акивных веществ,Технология получения биологически активных веществ,h,,опечатка «акивных»
Технология продуктов для специальных видов питания,Технология продуктов для специальных видов питания,h,,
Технология продуктов функционального питания,Технология продуктов функционального питания,h,,
Технология продукции общественного питания,Технология продукции общественного питания,h,,
Технология производства автомобилей и тракторов,Технология производства автомобилей и тракторов,h,,
Технология производства муки,Технология производства муки,h,,
Технология производства пищевых дрожжей,Технология производства пищевых дрожжей,h,,
Технология производства х/б изделий,Технология производства х/б изделий,h,,
Технология разработки стандартов и нормативной документации,Технология разработки стандартов и нормативной документации,h,,
Технология ресторанного сервиса,Технология ресторанного сервиса,h,,
Технология сахаристых кондитерских изделий,Технология сахаристых кондитерских изделий,h,,
Технология хранения и переработки продукции животноводства,Технология хранения и переработки продукции животноводства,h,,
Технология хранения и переработки продукции растениеводства,Технология хранения и переработки продукции растениеводства,h,,
Технология хранения и преработки продукции растениеводства,Технология хранения и переработки продукции растениеводства,h,,
Технохимический контроль в мясной отрасли,Технохимический контроль в мясной отрасли,h,,
Технохимический контроль продукции общественного питания,Технохимический контроль продукции общественного питания,h,,
Товарное рыбоводство,Товарное рыбоводство,h,,
Товарный менеджмент в агробизнесе,Товарный менеджмент в агробизнесе,h,,
Товароведение,Товароведение,h,,
Трехмерное моделирование по данным дистанционного зондирование Земли,Трехмерное моделирование по данным дистанционного зондирования Земли,h,,опечатка «зондирование»
УПР. ДОКУМЕНТОБОРОТ. НА ПРЕДПР. АПК,Управление документооборотом на предприятиях АПК,h,,сокращения; Калашникова
УПРАВ. ИНФ.БАЗАМИ ДАН.,Управление информационными базами данных в техническом сервисе,l,,сокращения; Розанов 529
УПРАВЛЕНИЕ БЕЗОПАСНОСТЬЮ IT-ПРЕДПРИЯТИЯ,Управление безопасностью IT-предприятия,h,,
УПРАВЛЕНИЕ ДОКУМЕНТАЦИЕЙ В СИСТЕМЕ МЕНЕДЖМЕНТА,Управление документацией в системе менеджмента,h,,
УПРАВЛЕНИЕ ЗАКУПКАМИ В АГРОБИЗНЕСЕ,Управление закупками в агробизнесе,h,,
УПРАВЛЕНИЕ ЗЕМЕЛЬНЫМИ РЕСУРСАМИ И ОБЪЕКТАМИ НЕДВИЖИМОСТИ,Управление земельными ресурсами и объектами недвижимости,h,,регистр «И»
УПРАВЛЕНИЕ ИЗМЕНЕНИЯМИ,Управление изменениями,h,,канон с опечаткой «измененпями»
УПРАВЛЕНИЕ КАЧЕСТВОМ В ПТС,Управление качеством в ПТС,h,,регистр; раньше с маркером «лекю»
УПРАВЛЕНИЕ КОНКУРЕНТОСПОСОБН.ОСТЬЮ С.-Х. ПРОДУКЦИИ,Управление конкурентоспособностью с.-х. продукции,h,,
УПРАВЛЕНИЕ НАДЕЖНОСТЬЮ МАШИН,Управление надежностью машин,h,,
УПРАВЛЕНИЕ НЕСООТВЕТСТВИЯМИ В ОУС,Управление несоответствиями в ОУС,h,,
УПРАВЛЕНИЕ НЕСООТВЕТСТВИЯМИ В ПТС,Управление несоответствиями в ПТС,h,,
УПРАВЛЕНИЕ ПЕРСОНАЛОМ,Управление персоналом,h,,
УПРАВЛЕНИЕ ПРОЕКТАМИ,Управление проектами,h,,
УПРАВЛЕНИЕ ПРОЕКТАМИ (Agile и Scrum),Управление проектами (Agile и Scrum),h,,регистр
УПРАВЛЕНИЕ ПРОЕКТАМИ В МЖИ,Управление проектами в МЖИ,h,,регистр «В»
УПРАВЛЕНИЕ ПРОЕКТАМИ В МЯСНОЙ ОТРАСЛИ,Управление проектами в мясной отрасли,h,,
УПРАВЛЕНИЕ ПРОЕКТАМИ В МЯСОМОЛОЧНОЙ ИНДУСТРИИ,Управление проектами в мясомолочной индустрии,h,,
УПРАВЛЕНИЕ ПРОФЕССИОНАЛЬНЫМ РИСКОМ,Управление профессиональным риском,h,,
УПРАВЛЕНИЕ ПРОЦЕССАМИ В ПТС,Управление процессами в ПТС,h,,
УПРАВЛЕНИЕ ПРОЦЕССОМ РАЗР-КИ СОВРЕМЕННЫХ ПРОГРАММ В ОУК,Управление процессом разработки современных программ в ОУК,h,,"сокращение «РАЗР-КИ», регистр «В»"
УПРАВЛЕНИЕ РИСКАМИ,Управление рисками,h,,канон с опечаткой «Управленмие»
УПРАВЛЕНИЕ РИСКАМИ В ПТС,Управление рисками в ПТС,h,,
УПРАВЛЕНИЕ СБЫТОМ В АГРОБИЗНЕСЕ,Управление сбытом в агробизнесе,h,,
УПРАВЛЕНИЕ ТЕХНИЧЕСКИМИ СИСТЕМАМИ АВТОМОБИЛЕЙ И ТРАКТОРОВ,Управление техническими системами автомобилей и тракторов,h,,
УПРАВЛЕНИЕ ЭКСПЛУАТ НАДЕЖН,Управление эксплуатационной надежностью,h,,сокращение «ЭКСПЛУАТ НАДЕЖН»
УПРАВЛЕНИЯ РИСКАМИ,Управление рисками,h,,опечатка «УПРАВЛЕНИЯ»
УСТРО МАШИН И ОБОР В ЖИВ.,Устройство машин и оборудования в животноводстве,h,,"сокращения «УСТРО», «ОБОР», «ЖИВ.»; Данилин 140"
УСТРОЙСТВО МАШИН И ОБОР. В РАСТЕН-ВЕ,Устройство машин и оборудования в растениеводстве,h,,"сокращения «ОБОР.», «РАСТЕН-ВЕ»"
УТИЛИЗАЦИЯ ОТХОДОВ ЖИВОТНОВОДСТВА,Утилизация отходов животноводства,h,,
Упр. документооборотом на пр-ях АПК,Управление документооборотом на предприятиях АПК,h,,"сокращения «Упр.», «пр-ях»"
Управление безопасностью IT-предприятия,Управление безопасностью IT-предприятия,h,,
Управление документацией в системе менеджмента,Управление документацией в системе менеджмента,h,,
Управление закупками в агробизнесе,Управление закупками в агробизнесе,h,,
Управление земельными ресурсами и объектами недвиж-ти,Управление земельными ресурсами и объектами недвижимости,h,,"сокращение «недвиж-ти», регистр «И»"
Управление измененпями,Управление изменениями,h,,опечатка «измененпями»
Управление качеством в ПТС,Управление качеством в ПТС,h,,
Управление качеством продукции,Управление качеством продукции,h,,
Управление конкурентоспособностью с.-х. продукции,Управление конкурентоспособностью с.-х. продукции,h,,
Управление несоответствиями в ОУС,Управление несоответствиями в ОУС,h,,
Управление несоответствиями в ПТС,Управление несоответствиями в ПТС,h,,
Управление персоналом,Управление персоналом,h,,
Управление проектами,Управление проектами,h,,
Управление проектами (Agile и Scrum),Управление проектами (Agile и Scrum),h,,регистр канона
Управление проектами в мясной отрасли,Управление проектами в мясной отрасли,h,,
Управление проектами в мясомолочной индустрии,Управление проектами в мясомолочной индустрии,h,,
Управление процессами в ПТС,Управление процессами в ПТС,h,,
Управление процессом разработки современных программ,Управление процессом разработки современных программ в ОУК,l,,обрезанное название
Управление рисками,Управление рисками,h,,канон с опечаткой
Управление рисками в ПТС,Управление рисками в ПТС,h,,
Управление сбытом в агробизнесе,Управление сбытом в агробизнесе,h,,
Управление техническими системами автомобилей и тракторов,Управление техническими системами автомобилей и тракторов,h,,
Управленмие рисками,Управление рисками,h,,опечатка «Управленмие»
Утилизация отходов животноводства,Утилизация отходов животноводства,h,,
ФИЗ-ХИМ МЕТОДЫ ВОДОПОДГОТОВКИ,Физико-химические методы водоподготовки,h,,сокращение «ФИЗ-ХИМ»
ФИЗ.КОЛЛОИДНАЯ ХИМИЯ,Физическая и коллоидная химия,h,,сокращение «ФИЗ.»
ФИЗИКА,Физика,h,,
ФИЗИКО-ХИМИЧЕСКИЕ ПРОЦЕССЫ ПРИ ПРОИЗВОДСТВЕ И ХРАНЕНИИ МЯСНЫХ ПРОДУКТОВ,Физико-химические процессы при производстве и хранении мясных продуктов,h,,канон с опечаткой «мясых»
ФИЗИКО-ХИМИЧЕСКИЕ СВОЙСТВА ПОЧВ,Физико-химические свойства почв,h,,
ФИЗИОЛОГИЯ И БИОХИМИЯ РАСТЕНИЙ,Физиология и биохимия растений,h,,
ФИЗИОЛОГИЯ И ЭТОЛОГИЯ ЖИВОТНЫХ,Физиология и этология животных,h,,регистр
ФИЗИОЛОГИЯ ПИТАНИЯ,Физиология питания,h,,
ФИЗИОЛОГИЯ РАСТЕНИЙ,Физиология растений,h,,
ФИЗИОЛОГИЯ С/Х ЖИВОТНЫХ,Физиология с/х животных,h,,
ФИЗИОЛОГИЯИЭТОЛОГИЯЖИВОТНЫХ,Физиология и этология животных,h,,"буквы вразрядку, пробелы потеряны"
ФИЗИЧЕСКАЯ КУЛЬТУРА И СПОРТ,Физическая культура и спорт,h,,
ФИЗИЧЕСКАЯКУЛЬТУРАИСПОРТ,Физическая культура и спорт,h,,
ФИЛОСОВСКИЕ ПРОБЛЕМЫ,Философские проблемы,h,,
ФИЛОСОФИЯ,Философия,h,,
ФИЛОСОФИЯ ПОЗНАНИЯ,Философия познания,h,,
ФИЛОСОФСКИЕ ПОЗНАНИЯ,Философия познания,l,,«ФИЛОСОФСКИЕ ПОЗНАНИЯ» — Крайнов ведёт «Философию познания»
ФИЛОСОФСКИЕ ПРОБЛЕМЫ,Философские проблемы,h,,
ФИЛОСОФСКИЕ ПРОБЛЕМЫ НАУКИ И ТЕХНИКИ,Философские проблемы науки и техники,h,,
ФИН.АНСОВЫЙ АНАЛИЗ ИНВЕСТИЦИОННОЙ ДЕЯТЕЛЬНОСТИ,Финансовый анализ инвестиционной деятельности,h,,
ФИНАНСОВЫЕ РЫНКИ,Финансовые рынки,h,,
ФИНАНСОВЫЙ АНАЛИЗ ИНВЕСТ.ДЕЯТЕЛЬНОСТИ,Финансовый анализ инвестиционной деятельности,h,,
ФИНАНСОВЫЙ И УПРАВЛЕНЧЕСКИЙ УЧЕТ,Финансовый и управленческий учет,h,,
ФИНАНСОВЫЙ МЕНЕДЖМЕНТ,Финансовый менеджмент,h,,
ФИНАНСОВЫЙ УЧЕТ (продв. уровень),Финансовый учет (продвинутый уровень),h,,"регистр, сокращение «продв.»"
ФИНАНСЫ,Финансы,h,,
ФИТОПАТОЛОГИЯ,Фитопатология,h,,
ФРОВЫЕ ТЕХНОЛОГИИ И ИСКУССТВЕННЫЙ ИНТЕЛЛЕКТ В УПРАВЛЕНИИ КАЧЕСТВОМ,Цифровые технологии и искусственный интеллект в управлении качеством,h,,обрезано «ЦИФРОВЫЕ» → «ФРОВЫЕ»; Розанов
Физ.коллоидная химия,Физическая и коллоидная химия,h,,сокращение «Физ.»
Физика,Физика,h,,
Физико-химические и биотехнологические методы обработки,Физико-химические и биотехнологические методы обработки,h,,
Физико-химические процессы при производстве и хранении мясых продуктов,Физико-химические процессы при производстве и хранении мясных продуктов,h,,опечатка «мясых»
Физико-химические свойства почв,Физико-химические свойства почв,h,,
Физиология,Физиология,h,,
Физиология и биохимия растений,Физиология и биохимия растений,h,,
Физиология питания,Физиология питания,h,,
Физиология растений,Физиология растений,h,,
Физиология с/х животных,Физиология с/х животных,h,,
Физическая культура и спорт,Физическая культура и спорт,h,,
Философия,Философия,h,,
Философия познания,Философия познания,h,,
Философские проблемы,Философские проблемы,h,,
Философские проблемы науки и техники,Философские проблемы науки и техники,h,,
Философские проблемы науки и техникин,Философские проблемы науки и техники,h,,опечатка «техникин»
Финансовые рынки,Финансовые рынки,h,,
Финансовый анализ инвест. деятельность,Финансовый анализ инвестиционной деятельности,h,,
Финансовый анализ инвестиционной деятельности,Финансовый анализ инвестиционной деятельности,h,,
Финансовый и управленческий учет,Финансовый и управленческий учет,h,,
Финансовый менеджмент,Финансовый менеджмент,h,,
Финансовый учет (продв. уровень),Финансовый учет (продвинутый уровень),h,,сокращение «продв.»
Финансы,Финансы,h,,
Фитопатология,Фитопатология,h,,
ХИМИЧЕСКАЯ КИНЕТИКА И КАТАЛИЗ,Химическая кинетика и катализ,h,,
ХИМИЧЕСКИЕ СРЕДСТВА ЗАЩИТЫ,Химические средства защиты растений,h,,обрезанное название; Суминова
ХИМИЧЕСКИЙ КОНТРОЛЬ,Химический контроль,h,,
ХИМИЧЕСКИЙ СОСТАВ МЯСА,Химический состав мяса и мясных продуктов,l,,обрезанное название; та же ауд. 135
ХИМИЯ,Химия,h,,
ХИМИЯ И ТЕХНОЛОГИЯ ЛЕКАРСТВЕННЫХ ВЕЩЕСТВ,Химия и технология лекарственных веществ,h,,регистр «И»
ХИМИЯ ИОННЫХ И МОЛЕКУЛЯРНЫХ СИСТЕМ,Химия ионных и молекулярных систем,h,,
ХИМИЯ ОРГАНИЧЕСКАЯ,Химия органическая,h,,
"ХЛЕБОБУЛОЧНЫХ, КОНДИТЕРСКИХ И МАКАРОННЫХ ИЗДЕЛИЙ","Разработка нормативной и технической документации при производстве хлебобулочных, кондитерских и макаронных изделий",l,,вторая строка названия 1311 (у обоих 6 вхождений) — разбор посчитал её отдельным занятием
ХОЛОДИЛЬНЫЕ МАШИНЫ,Холодильные машины,h,,
"ХРАНЕНИЕ СЫРЬЯ И ГОТОВОЙ ПРОДУКЦИИ НА ХЛЕБОЗАВОДАХ,КОНДИТЕРСКИХ И МАКАРОННЫХ ПРОИЗВОДСТВАХ","Хранение сырья и готовой продукции на хлебозаводах,кондитерских и макаронных производствах",h,,
Хим. средства защиты растений,Химические средства защиты растений,h,,
Химико-токсикологическая оценка качества кормов,Химико-токсикологическая оценка качества кормов,h,,
Химическая кинетика и катализ,Химическая кинетика и катализ,h,,
Химические средства защиты растений,Химические средства защиты растений,h,,
Химический контроль,Химический контроль,h,,
Химический состав мяа и мясных продуктов,Химический состав мяса и мясных продуктов,h,,опечатка «мяа»
Химия,Химия,h,,
Химия и технология лекарственных веществы,Химия и технология лекарственных веществ,h,,опечатка «веществы»
Химия ионных и молекулярных систем,Химия ионных и молекулярных систем,h,,
Химия органическая,Химия органическая,h,,
"Хранение сырья и готовой продукции на хлебозаводах,кондитерских и макаронных производствах","Хранение сырья и готовой продукции на хлебозаводах,кондитерских и макаронных производствах",h,,
ЦЕНООБРАЗОВАНИЕ,Ценообразование,h,,
ЦЕНООБРАЗОВАНИЕ АПК,Ценообразование в АПК,h,,без предлога
"ЦИТОЛОГИЯ , ГИСТОЛОГИЯИЭМБРИОЛОГИЯ","Цитология, гистология и эмбриология",h,,"буквы вразрядку, пробелы потеряны"
"ЦИТОЛОГИЯ,ГИСТОЛОГИЯ И ЭМБРИОЛОГИЯ","Цитология, гистология и эмбриология",h,,"регистр, нет пробела после запятой"
"ЦИТОЛОЛГИЯ, ГИСТОЛОГИЯ И ЭМБРИОЛОГИЯ","Цитология, гистология и эмбриология",h,,
ЦИФР. ТЕХНОЛ. В ЗАЩИТЕ РАСТЕНИЙ,Цифровые технологии в защите растений,h,,
ЦИФРОВЫЕ ТЕХНОЛОГИИ,Цифровые технологии,h,,
ЦИФРОВЫЕ ТЕХНОЛОГИИ В АГРОНОМИИ,Цифровые технологии в агрономии,h,,
ЦИФРОВЫЕ ТЕХНОЛОГИИ В АГРОХИМИИ,Цифровые технологии в агрохимии и почвоведении,h,,ложная склейка с «в агрономии»; Шибайкин
ЦИФРОВЫЕ ТЕХНОЛОГИИ В ЗЕМЛЕУСТРОЙСТВЕ И КАДАСТРАХ,Цифровые технологии в землеустройстве и кадастрах,h,,
ЦИФРОВЫЕ ТЕХНОЛОГИИ В ЛА,Цифровые технологии в ландшафтной архитектуре,h,,"ложная склейка с «в ЛД»: ЛА ≠ ЛД, другой преподаватель Терешкин"
ЦИФРОВЫЕ ТЕХНОЛОГИИ В ЛД,Цифровые технологии в лесном деле,h,,аббревиатура ЛД; Козаченко 352
ЦИФРОВЫЕ ТЕХНОЛОГИИ В СИСТЕМЕ УПРАВЛЕНИЯ ПРЕДПРИЯТИЙ,Цифровые технологии в системе управления предприятий,h,,регистр «В»
ЦИФРОВЫЕ ТЕХНОЛОГИИ В ЭКОЛОГИИ,Цифровые технологии в экологии и природопользовании,l,,обрезанное название; Шибайкин
ЦИФРОВЫЕ ТЕХНОЛОГИИ И ИИ В ЗЕМЛЕУСТРОЙСТВЕ И КАДАСТРАХ,Цифровые технологии и искусственный интеллект в землеустройстве и кадастрах,l,,ложная склейка с дисциплиной Пушкиной без ИИ; ведёт Шибайкин
ЦИФРОВЫЕ ТЕХНОЛОГИИ И ИСКУССТВЕННЫЙ ИНТЕЛЕКТ В ЭКОНОМИКЕ,Цифровые технологии и искусственный интеллект в экономике,h,,"опечатка «ИНТЕЛЕКТ», регистр"
ЦИФРОВЫЕ ТЕХНОЛОГИИ И ИСКУССТВЕННЫЙ ИНТЕЛЛЕКТ,Цифровые технологии и искусственный интеллект,h,,канон с опечаткой «искусстевенный»
ЦИФРОВЫЕ ТЕХНОЛОГИИ И ИСКУССТВЕННЫЙ ИНТЕЛЛЕКТ В ВЕТЕРИНАРИИ,Цифровые технологии и искусственный интеллект в ветеринарии,h,,"регистр «И», «В»"
ЦИФРОВЫЕ ТЕХНОЛОГИИ И ИСКУССТВЕННЫЙ ИНТЕЛЛЕКТ В ТЕХНОЛОГИИ И ОРГАНИЗАЦИИ ПРЕДПРИЯТИЙ ОБЩЕСТВЕННОГО ПИТАНИЯ,Цифровые технологии и искусственный интеллект в технологии и организации предприятий общественного питания,h,,
ЦИФРОВЫЕ ТЕХНОЛОГИИ И ИСКУССТВЕННЫЙ ИНТЕЛЛЕКТ В ТПП ИЗ РАСТ.СЫРЬЯ,Цифровые технологии и искусственный интеллект в технологии продуктов питания из растительного сырья,h,,"аббревиатура ТПП, регистр"
ЦИФРОВЫЕ ТЕХНОЛОГИИ И ИСКУССТВЕННЫЙ ИНТЕЛЛЕКТ В ТППЖ,Цифровые технологии и искусственный интеллект в ТППЖ,h,,
ЦИФРОВЫЕ ТЕХНОЛОГИИ И ИСКУССТВЕННЫЙ ИНТЕЛЛЕКТ В УПРАВЛЕНИИ КАЧЕСТВОМ,Цифровые технологии и искусственный интеллект в управлении качеством,h,,регистр
ЦИФРОВЫЕ ТЕХНОЛОГИИ ТЕХНОЛОГИИ,Цифровые технологии,l,,слово «ТЕХНОЛОГИИ» повторено
Ценообразование,Ценообразование,h,,
Ценообразование АПК,Ценообразование в АПК,h,,без предлога
Ценообразование в АПК,Ценообразование в АПК,h,,канон без предлога
"Цитол.,гистол. и эмбриология","Цитология, гистология и эмбриология",h,,
"Цитология, гистология и эмбриология","Цитология, гистология и эмбриология",h,,
Цифровые технологии,Цифровые технологии,h,,
Цифровые технологии в МЖИ,Цифровые технологии в МЖИ,h,,
Цифровые технологии в агрономии,Цифровые технологии в агрономии,h,,
Цифровые технологии в агрохимии и почвоведении,Цифровые технологии в агрохимии и почвоведении,h,,
Цифровые технологии в защите растений,Цифровые технологии в защите растений,h,,
Цифровые технологии в землеустройстве и кадастрах,Цифровые технологии в землеустройстве и кадастрах,h,,
Цифровые технологии в менеджменте,Цифровые технологии в менеджменте,h,,
Цифровые технологии в управлении землепользованием,Цифровые технологии в управлении землепользованием,h,,
Цифровые технологии в экологии и природопользовании,Цифровые технологии в экологии и природопользовании,h,,
Цифровые технологии в экономике,Цифровые технологии и искусственный интеллект в экономике,l,,"Шибайкин, Моршнев 807 — вероятно та же дисциплина"
Цифровые технологии и ИИ в землеустройстве и кадастрах,Цифровые технологии и искусственный интеллект в землеустройстве и кадастрах,l,,ложная склейка; Шибайкин
Цифровые технологии и искусств-ый интеллект в тпп из растит-го сырья,Цифровые технологии и искусственный интеллект в технологии продуктов питания из растительного сырья,h,,"сокращения «искусств-ый», «тпп», «растит-го»"
Цифровые технологии и искусственный интеллект в ТППЖ,Цифровые технологии и искусственный интеллект в ТППЖ,h,,
Цифровые технологии и искусственный интеллект в биотехнологии,Цифровые технологии и искусственный интеллект в биотехнологии,h,,
Цифровые технологии и искусственный интеллект в технологии и организации предприятий общественного питания,Цифровые технологии и искусственный интеллект в технологии и организации предприятий общественного питания,h,,
Цифровые технологии и искусственный интеллект в управлении качеством,Цифровые технологии и искусственный интеллект в управлении качеством,h,,
Цифровые технологии и искусстевенный интеллект,Цифровые технологии и искусственный интеллект,h,,опечатка «искусстевенный»
ЧАСТНАЯ СЕЛЕКЦИЯ ОВОЩ. КУЛЬТУР,Частная селекция овощных культур,h,,
ЧАСТНАЯ СЕЛЕКЦИЯ СЕЛЬСКОХОЗЯЙСТВЕННЫХ КУЛЬТУР,Частная селекция сельскохозяйственных культур,h,,
ЧАСТНОЕ ПЛОДОВОДСТВО,Частное плодоводство,h,,
ЧАСТНОЕ РАСТЕНИЕВОДСТВО,Частное растениеводство,h,,
Частная селекция овощных культур,Частная селекция овощных культур,h,,
Частная селекция сельскохозяйственных культур,Частная селекция сельскохозяйственных культур,h,,
Частное плодоводство,Частное плодоводство,h,,
Частное растениеводство,Частное растениеводство,h,,
ЭКОЛ. АУДИТ ХОЗ. ДЕЯТЕЛЬНОСТИ,Экологический аудит хозяйственной деятельности,h,,сокращения; пометка «(3 лек.)»
ЭКОЛ. БЕЗОПАСНОСТЬ,Экологическая безопасность,h,,сокращение «ЭКОЛ.»
ЭКОЛ. КОНСАЛТИНГ,Экологический консалтинг,h,,сокращение «ЭКОЛ.»
ЭКОЛ. КОНТРОЛЬ,Экологический контроль,h,,сокращение «ЭКОЛ.»
ЭКОЛ. ПОЛИТИКА ПРЕДПРИЯТИЙ,Экологическая политика предприятий,h,,
ЭКОЛ. СТРАХОВАНИЕ,Экологическое страхование,h,,сокращение «ЭКОЛ.»
ЭКОЛ. ЭКСПЕРТИЗА,Экологическая экспертиза,h,,сокращение «ЭКОЛ.»
"ЭКОЛОГИЧ. СТАНДАРТ., СЕРТИФ. И ЛИЦЕНЗИР. ПРЕДПРИЯТИЙ","Экологическая стандартизация, сертификация и лицензирование предприятий",h,,сокращения
ЭКОЛОГИЧЕСКАЯ ОЦЕНКА ЕСТЕСТВЕННЫХ И ИСКУССТВЕННЫХ ВОДОЁМОВ,Экологическая оценка естественных и искусственных водоёмов,h,,
ЭКОЛОГИЧЕСКАЯ ОЦЕНКА ЕСТЕСТВЕННЫХ И ИСКУССТВЕННЫХ ВОДОЕМОВ,Экологическая оценка естественных и искусственных водоёмов,h,,
ЭКОЛОГИЧЕСКАЯ ХИМИЯ,Экологическая химия,h,,
ЭКОЛОГИЧЕСКАЯ ЭКСПЕРТИЗА,Экологическая экспертиза,h,,
ЭКОЛОГИЧЕСКИЕ И ЭКОНОМИЧЕСКИЕ АСПЕКТЫ,Экологические и экономические аспекты,h,,
ЭКОЛОГИЧЕСКИЕ МЕТОДЫ ИССЛЕД.,Экологические методы исследований,h,,сокращение «ИССЛЕД.»
ЭКОЛОГИЧЕСКИЙ МЕНЕДЖМЕНТ,Экологический менеджмент,h,,
ЭКОЛОГИЧЕСКИЙ МОНИТОРИНГ,Экологический мониторинг,h,,
ЭКОЛОГИЧЕСКОЕ И РЫБОХОЗЯЙСТВЕННОЕ ЗАКОНОДАТЕЛЬСТВО,Экологическое и рыбохозяйственное законодательство,h,,
ЭКОЛОГИЧЕСКОЕ ПРАВО,Экологическое право,h,,
ЭКОЛОГИЧЕСКОЕ РЫБОХОЗЯЙСТВЕННОЕ ЗАКОНОДАТЕЛЬСТВО,Экологическое и рыбохозяйственное законодательство,h,,
ЭКОЛОГИЯ,Экология,h,,
ЭКОЛОГИЯ ОРГАНИЗМОВ,Экология организмов,h,,канон с опечаткой
ЭКОН. ОБОСНОВАНИЕ СТРАТЕГИИ ПРЕДПРИЯТИЯ АПК,Экономическое обоснование стратегии развития предприятия АПК,h,,сокращение «ЭКОН.»; Торопова
ЭКОНОМ. БЕЗОПАСНОСТЬ СТРАНЫ,Экономическая безопасность страны,h,,
ЭКОНОМ. ОЦЕНКА БИЗНЕСА,Экономическая оценка бизнеса,h,,
ЭКОНОМЕТРИКА,Эконометрика,h,,
ЭКОНОМИКА,Экономика,h,,
ЭКОНОМИКА (прод. уровень),Экономика (продвинутый уровень),h,,сокращение «прод.»
ЭКОНОМИКА (продвинутый уровень),Экономика (продвинутый уровень),h,,регистр канона
ЭКОНОМИКА АПК,Экономика АПК,h,,
ЭКОНОМИКА В ЛАНДШАФТНОЙ АРХИТЕКТУРЕ,Экономика в ландшафтной архитектуре,h,,
ЭКОНОМИКА ЗЕМЛЕУСТРОЙСТВА,Экономика землеустройства,h,,
ЭКОНОМИКА И УПРАВЛЕНИЕ,Экономика и управление,h,,
ЭКОНОМИКА И УПРАВЛЕНИЕ МАШИНОСТРОИТЕЛЬНЫМ ПРЕДПРИЯТИЕМ,Экономика и управление машиностроительным предприятием,h,,
ЭКОНОМИКА ОТРАСЛИ,Экономика отрасли,h,,
ЭКОНОМИКА ПРЕДПРИЯТИЙ АПК,Экономика предприятия АПК,h,,
ЭКОНОМИКА ПРЕДПРИЯТИЯ АПК,Экономика предприятия АПК,h,,
ЭКОНОМИКА РЫБНОГО ХОЗЯЙСТВА,Экономика рыбного хозяйства,h,,полное название
ЭКОНОМИКА СЕЛЬСКОГО ХОЗЯЙСТВА,Экономика сельского хозяйства,h,,
ЭКОНОМИКО-МАТЕМАТИЧЕСКИЕ МЕТОДЫ В ЗЕМЛЕУСТРОЙСТВЕ И КАДАСТРАХ,Экономико-математические методы в землеустройстве и кадастрах,h,,"регистр «В», «И»"
ЭКОНОМИЧЕСКАЯ КУЛЬТУРА,Экономическая культура,h,,канон с точкой на конце
ЭКОНОМИЧЕСКАЯ ОЦЕНКА БИЗНЕСА,Экономическая оценка бизнеса,h,,
ЭКОНОМИЧЕСКАЯ ПОЛИТИКА В АПК,Экономическая политика в АПК,h,,
ЭКОНОМИЧЕСКАЯ ТЕОРИЯ,Экономическая теория,h,,
ЭКОНОМИЧЕСКАЯ ЭФФЕКТИВНОСТЬ ИНВЕСТИЦИОННЫХ ПРОЕКТОВ В АГРОИНЖЕНЕРИИ,Экономическая эффективность инвестиционных проектов в агроинженерии,h,,регистр «В»
ЭКСП. ОЦЕНКА ТЕХ.СОСТ.МАШИН В АПК,Экспертная оценка технического состояния машин в АПК,h,,"сокращения «ЭКСП.», «ТЕХ.СОСТ.»; Венскайтис"
ЭКСПЕРТИЗА ИНЖЕНЕРНЫХ ОБЪЕКТОВ И СООРУЖЕНИЙ,Экспертиза инженерных объектов и сооружений,h,,
ЭКСПЕРТИЗА РАЗДЕЛОВ ПРОЕКТНОЙ ДОКУМЕНТАЦИИ,Экспертиза разделов проектной документации,h,,
ЭКСПЛ. МАТЕРИАЛЫ,Эксплуатационные материалы технических средств в АПК,h,,сокращение; Венскайтис 121
ЭКСПЛ.И РЕМОНТ СИСТЕМ КОНДИЦИОН ВОЗДУХА И ХОЛОДОС,Эксплуатация и ремонт систем кондиционирования воздуха и холодоснабжения,h,,сокращения
ЭКСПЛУАТАЦИЯ АВТОМОБИЛЕЙ И ТРАКТОРОВ,Эксплуатация автомобилей и тракторов,h,,
ЭКСПЛУАТАЦИЯ АВТОМОБИЛЕЙ Т ТРАКТОРОВ,Эксплуатация автомобилей и тракторов,h,,
ЭКСПЛУАТАЦИЯ АГРОРОБОТ.,Эксплуатация агроробототехнических средств и комплексов в агроинженерии,l,,обрезано «АГРОРОБОТ.»; Демин 121
ЭКСПЛУАТАЦИЯ АГРОРОБОТОТЕХН.СРЕДСТВ,Эксплуатация агроробототехнических средств,h,,
ЭКСПЛУАТАЦИЯ АГРОРОБОТОТЕХНИЧЕСКИХ СРЕДСТВ И КОМПЛЕКСОВ,Эксплуатация агроробототехнических средств и комплексов в агроинженерии,h,,Демин 121
ЭКСПЛУАТАЦИЯ И МОНИТОРИНГ СИСТЕМ И СООРУЖЕНИЙ,Эксплуатация и мониторинг систем и сооружений,h,,
ЭКСПЛУАТАЦИЯ И ТЕХНИЧ. ПЕРЕВООРУЖ.,Эксплуатация и техническое перевооружение оросительных систем,h,,сокращение; Прокопец 105
"ЭКСПЛУАТАЦИЯ КОТЕЛЬНЫХ УСТАНОВОК, ПАРОГЕНЕРАТОРОВ И ЭНЕРГЕТИЧЕСКОГО ОБОРУДОВАНИЯ","Эксплуатация котельных установок, парогенераторов и энергетического оборудования",h,,
ЭКСПЛУАТАЦИЯ СИСТЕМ ГАЗОСНАБЖЕНИЯ,Эксплуатация систем газоснабжения,h,,
ЭКСПЛУАТАЦИЯ СИСТЕМ ТЕПЛОСНАБЖ,Эксплуатация систем теплоснабжения и вентиляции,h,,обрезанное название; Трушин 500
ЭКСПЛУАТАЦИЯ ЭЛЕКТРООБОРУДОВАНИЯ И СРЕДСТВ АВТОМАТИЗАЦИИ,Эксплуатация электрооборудования и средств автоматизации,h,,регистр «И»
ЭЛЕКТРИЧЕСКИЕ ИЗМЕРЕНИЯ,Электрические измерения,h,,регистр
ЭЛЕКТРИЧЕСКИЕ МАШИНЫ,Электрические машины,h,,
ЭЛЕКТРОНИКА,Электроника,h,,
ЭЛЕКТРОНИКА И МИКР.ТЕХ,Электроника и микропроцессорная техника,h,,сокращение «МИКР.ТЕХ»; Евстафьев 409
ЭЛЕКТРОНИКА И ЭЛЕКТРОТЕХ,Электроника и электротехника,h,,"обрезано «ЭЛЕКТРОТЕХ», регистр «И»"
ЭЛЕКТРООБОРУДОВАНИЕ АВТОМОБИЛЕЙ Т ТРАКТОРОВ,Электрооборудование автомобилей и тракторов,h,,
ЭЛЕКТРОПРИВОД,Электропривод,h,,
ЭЛЕКТРОПРИВОД И ЭЛЕКТРООБОРУДОВАНИЕ ТП В АИ,Электропривод и электрооборудование технологических процессов в агроинженерии,l,,"аббревиатуры ТП, АИ"
ЭЛЕКТРОСНАБЖЕНИЕ,Электроснабжение,h,,
ЭЛЕКТРОТЕХНИКА,Электротехника,h,,
"ЭЛЕКТРОТЕХНИКА, ЭЛЕКТРОНИКА И ЭЛЕКТРОПРИВОД","Электротехника, электроника и электропривод",h,,
ЭММ в землеустройстве и кадастрах,Экономико-математические методы в землеустройстве и кадастрах,h,,аббревиатура ЭММ; Слепцова
ЭНЕРГЕТИЧЕСКИЕ УСТАНОВКИ ДЕРЕВООБРАБАТЫВАЮЩЕГО И МЕБЕЛЬНОГО ПРОИЗВОДСТВА,Энергетические установки деревообрабатывающего и мебельного производства,h,,
ЭНЕРГЕТИЧЕСКОЕ ОБОРУДОВАНИЕ,Энергетическое оборудование,h,,
ЭНЕРГО-И РЕСУРСООБЕСПЕЧЕНИЕ ПРОИЗВОДСТВА,Энерго- и ресурсообеспечение производства,h,,
"ЭНЕРГООБЕСПЕЧЕНИЕ В ТЕПЛОЭНЕРГЕТИКЕ, ТЕПЛОТЕХНИКЕ И ТЕПЛОТЕХНОЛОГИЯХ","Энергообеспечение в теплоэнергетике, теплотехнике и теплотехнологиях",h,,"регистр «В», «И»"
ЭНЕРГООБОРУДОВАНИЕ ПОТРЕБИТЕЛЕЙ ТЕПЛОТЫ,Энергооборудование потребителей теплоты,h,,
ЭНЕРГОСБЕРЕГАЮЩИЕ СИСТЕМЫ,Энергосберегающие системы,h,,
ЭНЕРГОСБЕРЕЖЕНИЕ,Энергосбережение,h,,
"ЭНЕРГОСБЕРЕЖЕНИЕ В ТЕПЛОЭНЕРГЕТИКЕ, ТЕПЛОТЕХНИКЕ И ТЕПЛОТЕХНОЛОГИЯХ","Энергосбережение в теплоэнергетике, теплотехнике и теплотехнологиях",h,,
ЭНТОМОЛОГИЯ,Энтомология,h,,
ЭПИЗООТОЛОГИЯ,Эпизоотология и инфекционные болезни животных,h,,без «и инфекционные болезни животных»; ВТ 5 курс
ЭПИЗООТОЛОГИЯ И ИНФЕКЦИОННЫЕ БОЛЕЗНИ,Эпизоотология и инфекционные болезни животных,h,,обрезанное название; Агольцов
ЭПИЗООТОЛОГИЯ И ИНФЕКЦИОННЫЕ БОЛЕЗНИ ЖИВОТНЫХ,Эпизоотология и инфекционные болезни животных,h,,
ЭРГОНОМИКА И ДИЗАЙН АВТОМОБИЛЕЙ И ТРАКТОРОВ,Эргономика и дизайн автомобилей и тракторов,h,,регистр «И»
ЭРОЗИОВЕДЕНИЕ,Эрозиоведение,h,,
ЭТОЛОГИЯ С ОСНОВАМИ ЗООПСИХОЛОГИИ,Этология с основами зоопсихологии,h,,
Экологическая безопасность,Экологическая безопасность,h,,
Экологическая оценка естественных и искусственных водоемов,Экологическая оценка естественных и искусственных водоёмов,h,,
Экологическая оценка естественных и искусственных водоёмов,Экологическая оценка естественных и искусственных водоёмов,h,,
Экологическая политика предприятий,Экологическая политика предприятий,h,,
"Экологическая стандартизация, сертификация и лицензирование предприятий","Экологическая стандартизация, сертификация и лицензирование предприятий",h,,
Экологическая химия,Экологическая химия,h,,
Экологическая экспертиза,Экологическая экспертиза,h,,
Экологические аспекты повышения плодородия почв,Экологические аспекты повышения плодородия почв,h,,
Экологические методы исследований,Экологические методы исследований,h,,
Экологический аудит хоз. деятельности,Экологический аудит хозяйственной деятельности,h,,сокращение «хоз.»
Экологический консалтинг,Экологический консалтинг,h,,
Экологический контроль,Экологический контроль,h,,
Экологический менеджмент,Экологический менеджмент,h,,
Экологический мониторинг,Экологический мониторинг,h,,
Экологическое и рыбохозяйственное законодательство,Экологическое и рыбохозяйственное законодательство,h,,
Экологическое право,Экологическое право,h,,
Экологическое рыбохозяйственное законодательство,Экологическое и рыбохозяйственное законодательство,h,,
Экологическое страхование,Экологическое страхование,h,,
Экология организммов,Экология организмов,h,,опечатка «организммов»
Эконометрика,Эконометрика,h,,
Экономика,Экономика,h,,
Экономика (продвинутый уровень),Экономика (продвинутый уровень),h,,регистр канона
Экономика АПК,Экономика АПК,h,,
Экономика землеустройства,Экономика землеустройства,h,,
Экономика землеустройства и кадастров,Экономика землеустройства и кадастров,h,,
Экономика и управление машиностроительным предприятием,Экономика и управление машиностроительным предприятием,h,,
Экономика предприятия АПК,Экономика предприятия АПК,h,,
Экономика сельского хозяйства,Экономика сельского хозяйства,h,,
Экономика хозяйства,Экономика рыбного хозяйства,h,,"пропущено «рыбного»; Торопова, С-305"
Экономическая безопасность страны,Экономическая безопасность страны,h,,
Экономическая культура,Экономическая культура,h,,канон с точкой на конце
Экономическая культура.,Экономическая культура,h,,точка на конце
Экономическая оценка бизнеса,Экономическая оценка бизнеса,h,,
Экономическая политика в АПК,Экономическая политика в АПК,h,,
Экономическая теория,Экономическая теория,h,,
Экономическое обоснование стратегии развития предприятия АПК,Экономическое обоснование стратегии развития предприятия АПК,h,,
Экспертиза инженерных объектов и сооружений,Экспертиза инженерных объектов и сооружений,h,,
Экспертная оценка технического состояния машин в АПК,Экспертная оценка технического состояния машин в АПК,h,,
Эксплуатация автомобилей и тракторов,Эксплуатация автомобилей и тракторов,h,,
Эксплуатация и мониторинг систем и сооружений,Эксплуатация и мониторинг систем и сооружений,h,,
"Эксплуатация котельных установок, парогенераторов и энергетич. оборудования","Эксплуатация котельных установок, парогенераторов и энергетического оборудования",h,,
"Эксплуатация котельных установок, парогенераторов и энергетического оборудования","Эксплуатация котельных установок, парогенераторов и энергетического оборудования",h,,
Электрооб. подстанций и распред.устройств,Электрооборудование подстанций и распределительных устройств,h,,сокращения; Ищенко 403
Электрооборудование автомобилей и тракторов,Электрооборудование автомобилей и тракторов,h,,
Электрооборудование подстанций и распределительных устройств,Электрооборудование подстанций и распределительных устройств,h,,
Электротехника,Электротехника,h,,
Энергетическое оборудование,Энергетическое оборудование,h,,
Энергосбережение,Энергосбережение,h,,
"Энергосбережение в теплоэнергетике, теплотехнике и теплотехнологиях","Энергосбережение в теплоэнергетике, теплотехнике и теплотехнологиях",h,,
Энтомология,Энтомология,h,,
Эпизоотология,Эпизоотология и инфекционные болезни животных,l,,обрезанное название
Эпизоотология и инфекционные болезни животных,Эпизоотология и инфекционные болезни животных,h,,
Этология с основами зоопсихологии,Этология с основами зоопсихологии,h,,
ЯЗЫКИ ПРОГРАММИРОВАНИЯ ВЫСОКОГО УРОВНЯ,Языки программирования высокого уровня,h,,ложная склейка с дисциплиной Грепечука; Ключиков 522
автоматизация и роботизация,Автоматизация и роботизация технологических процессов сельскохозяйственного производства,l,,обрезанное название; тот же преподаватель и аудитория
автоматизация систем управления в электроэнергетике,Автоматизация систем управления в электроэнергетике,h,,
автоматизация систем управления технол. процессами,Автоматизация систем управления технологическими процессами,h,,сокращение «технол.»
автоматизация технологических процессов,Автоматизация технологических процессов,h,,
автоматизация технологических процессов инженерных систем,Автоматизация технологических процессов инженерных систем,h,,
автоматизация технологических процессов сборки,Автоматизация технологических процессов сборки,h,,
автоматизированные системы управления,Автоматизированные системы управления,h,,
автоматика,Автоматика,h,,
агророботизированые средства и комплексы в агроинженерии,Агророботизированные средства и комплексы в агроинженерии,h,,опечатка «агророботизированые»
архитектура компьютера и операционные системы,Архитектура компьютера и операционные системы,h,,
архитектурная графика и основы композиции,Архитектурная графика и основы композиции,h,,
безаварийность в технических системах,Безаварийность в технических системах,h,,
безопасность жизнедеят,Безопасность жизнедеятельности,h,,обрезанное название
безопасность жизнедеятельности,Безопасность жизнедеятельности,h,,
безопасность технических систем,Безопасность технических систем,h,,
безопасность технологических процессов и произв.,Безопасность технологических процессов и производств,h,,сокращение «произв.»
биологические основы сохранения и управления,Биологические основы сохранения и управления,h,,
биология охотничьих ресурсов,Биология охотничьих ресурсов,h,,
биотехния и дичеразведение,Биотехния и дичеразведение,h,,
ботаника,Ботаника,h,,
в землеустройстве и кадастрах,Методы научных исследований в землеустройстве и кадастрах,l,,оборванное начало ячейки; Тарбаев
введение в VR/AR технологии,Введение в VR/AR технологии,h,,
введение в профессию,Введение в профессию,h,,
введение в прфессиональную деятельность,Введение в профессиональную деятельность,h,,
введение в специальность,Введение в специальность,h,,
веб-дизайн и пректирование,Веб-дизайн и проектирование,h,,опечатка «пректирование» стала каноном
вентиляция,Вентиляция,h,,
водоснабжение и водоотведение,Водоснабжение и водоотведение,h,,
"водоснабжение объектов тепло-, газо-, холодоснабжения и вентиляции","Водоснабжение объектов тепло-, газо-, холодоснабжения и вентиляции",h,,
водоснабжение объектов тепло-газо холодоснабжения,"Водоснабжение объектов тепло-, газо-, холодоснабжения и вентиляции",h,,"обрезанное название, Прокопец"
высшая математика,Высшая математика,h,,
газоснабжение,Газоснабжение,h,,
геоинформационные системы и технологии,Геоинформационные системы и технологии,h,,
геология и основы гидрогеологии,Геология и основы гидрогеологии,h,,регистр
гидравлика,Гидравлика,h,,
гидрогазодинамика,Гидрогазодинамика,h,,
гидрометрическое обеспечение,Гидрометрическое обеспечение,h,,
гидросиловое и насосное оборудование систем инженерной защиты,Гидросиловое и насосное оборудование систем инженерной защиты,h,,
гидроузлы комплексного назнач. Гидротехн сооружения инжзащиты,Гидроузлы комплексного назначения. Гидротехнические сооружения инженерной защиты,h,,сокращения
гидроузлы комплексного назначения. Гидротехн сооружения инжзащиты,Гидроузлы комплексного назначения. Гидротехнические сооружения инженерной защиты,h,,сокращения
градостроительство,Градостроительство,h,,
градостроительство с основами архитектуры,Градостроительство с основами архитектуры,h,,
декоративная дендрология,Декоративная дендрология,h,,
декоративное растениеводство,Декоративное растениеводство,h,,
декоративные растения в ландшаф.архитектуре,Декоративные растения в ландшафтной архитектуре,h,,сокращение
дендрология,Дендрология,h,,
дендрометрия,Дендрометрия,h,,
дереворежущие станки и инструменты,Дереворежущие станки и инструменты,h,,
детали машин,Детали машин,h,,
диагностика и контроль технического состояния автомобилей и тракторов,Диагностика и контроль технического состояния автомобилей и тракторов,h,,канон был с опечаткой
диагностика и тех.обсл.машин в апк,Диагностика и техническое обслуживание машин в АПК,h,,сокращения
динамика и прочность конструкций автомобилей и тракторов,Динамика и прочность конструкций автомобилей и тракторов,h,,
заповедное дело,Заповедное дело,h,,
защитное лесоразвед. и рекультивация техногенных ландшафтов,Защитное лесоразведение и рекультивация техногенных ландшафтов,h,,сокращение
"здания, сооружения","Здания, сооружения и их устойчивость при пожаре",l,,обрезанное название; Орлова
инженерная и компьютерная графика,Инженерная и компьютерная графика,h,,
инженерная физика,Инженерная физика,h,,
инженерно-мелиоративные мероприятия и сооружения,Инженерно-мелиоративные мероприятия и сооружения,h,,
иностранный язык,Иностранный язык,h,,
иностранный язык в профессиональной деятельности,Иностранный язык в профессиональной деятельности,h,,
интелектуальные системы,Интеллектуальные системы,h,,опечатка
интернет вещей в промышленности 4.0,Интернет вещей в промышленности 4.0,h,,
информатика,Информатика,h,,
информационное обеспечение лесного дела,Информационное обеспечение лесного дела,h,,
информационные технологии,Информационные технологии,h,,
испытание автомобилей и тракторов,Испытание автомобилей и тракторов,h,,
исследование оросительных систем,Исследование оросительных систем,h,,
исследование современных систем вентиляции,Исследование современных систем вентиляции,h,,
исследование современных систем ветиляции,Исследование современных систем вентиляции,h,,
история России,История России,h,,
история мировой культуры,История мировой культуры,h,,
история садово-паркового искусства,История садово-паркового искусства,h,,
квантовые компьютеры и вычисления,Квантовые компьютеры и вычисления,h,,
комплексные мелиорации,Комплексные мелиорации,h,,
компьютерное моделирование сложных систем,Компьютерное моделирование сложных систем,h,,
кондиционирование и холодоснабжение,Кондиционирование и холодоснабжение,h,,
конструктивная безопасность автомобилей и тракторов,Конструктивная безопасность автомобилей и тракторов,h,,
конструкторская документация,Конструкторская документация,h,,
конструкционные и защитно-отделочные материалы,Конструкционные и защитно-отделочные материалы,h,,
конструкция автомобилей и тракторов,Конструкция автомобилей и тракторов,h,,
конструкция агророботизированных средств и комплексов,Конструкция агророботизированных средств и комплексов,h,,
ландшафтное проектирование,Ландшафтное проектирование,h,,
ландшафтоведение,Ландшафтоведение,h,,
лек. СТРАТ.МЕНЕДЖМЕНТ,Стратегический менеджмент,h,,тип занятия после точки в начале ячейки («.лек.»); сокращение
лесная пирология,Лесная пирология и тушение лесных пожаров,l,,обрезанное название; Козаченко
лесная пирология и тушение лесных пожаров,Лесная пирология и тушение лесных пожаров,h,,
лесная селекция,Лесная селекция,h,,
лесное семеноводство,Лесное семеноводство,h,,
лесное товароведение,Лесное товароведение,h,,
лесоведение,Лесоведение,h,,
лесоводство,Лесоводство,h,,
лесомелиорация ландшафтов,Лесомелиорация ландшафтов,h,,
математика,Математика,h,,
математика (базовый уровень),Математика (базовый уровень),h,,
математическое моделирование,Математическое моделирование,h,,
математическое моделирование и анализ данных,Математическое моделирование и анализ данных,h,,
материаловедение,Материаловедение,h,,
материаловедение и технология конструкционных материалов,Материаловедение и технология конструкционных материалов,h,,
материально-техническое обеспечение технической эксплуатации агротехники,Материально-техническое обеспечение технической эксплуатации агротехники,h,,
машины и оборудов в животн.,Машины и оборудование в животноводстве,h,,сокращения
машины и оборудование в животноводстве,Машины и оборудование в животноводстве,h,,
машины и оборудование для природообустр и водопольз,Машины и оборудование для природообустройства и водопользования,h,,сокращения
машины и средства в растениеводстве и животноводстве,Машины и средства в растениеводстве и животноводстве,h,,
"машины, технологическое оборудование","Машины, технологическое оборудование",h,,
мелиоративная гидрогеология,Мелиоративная гидрогеология,h,,
менеджмент,Менеджмент,h,,
методика подготовки тракториста-машиниста,Методика подготовки тракториста-машиниста,h,,
методы и методология науч. исследований,Методы и методология научных исследований,h,,сокращение «науч.»
методы и технические средства,Методы и технические средства,h,,
методы проведения научных исследований,Методы проведения научных исследований,h,,
методы решения НТЗ,Методы решения научно-технических задач,h,,«НТЗ» = научно-технических задач
"метрология, стандартизация и технич измер","Метрология, стандартизация и технические измерения",h,,сокращение «технич измер»
"метрология, стандартизация, сертификация","Метрология, стандартизация, сертификация",h,,
механика,Механика,h,,
"механика грунтов, основания и фундаменты","Механика грунтов, основания и фундаменты",h,,
механика. Механика грунтов,Механика. Механика грунтов,h,,
механика. Техническая механика,Механика. Техническая механика,h,,регистр
механика. техническая механика,Механика. Техническая механика,h,,регистр
микроконтроллеры и микропроцессоры,Микроконтроллеры и микропроцессоры,h,,
микромашины,Микромашины,h,,
микропроцессорные системы защиты,Микропроцессорные системы защиты,h,,
микропроцессоры и специальные эл.устройства,Микропроцессоры и специальные эл.устройства,h,,
моделирование электротехн.компл,Моделирование электротехнических комплексов в животноводстве,l,,сокращения; Чурляева
моделирование электротехнич. компл. в жив.,Моделирование электротехнических комплексов в животноводстве,h,,сокращения
моделирование электротехнических компл,Моделирование электротехнических комплексов в животноводстве,l,,сокращение «компл»
модернизация центров,Модернизация центров,h,,
мониторинг объектов ландшафтной архитектуры в урболандшафтах,Мониторинг объектов ландшафтной архитектуры в урболандшафтах,h,,
монтаж электрооборудования,Монтаж электрооборудования и средств автоматизации,h,,"обрезано автором; тот же преподаватель Абзалов М.А., ауд. 300"
монтаж электрооборудования и средств автоматизации,Монтаж электрооборудования и средств автоматизации,h,,
надзор и контроль в сфере безопасности,Надзор и контроль в сфере безопасности,h,,
"насосы, вентиляторы","Насосы, вентиляторы",h,,
научно-исследовательская и экспериментальная работа,Научно-исследовательская и экспериментальная работа,h,,
начертательная геометрия,Начертательная геометрия,h,,
начертательная геометрия и инженерная графика,Начертательная геометрия и инженерная графика,h,,
начертательная геометрия и машиностроительное черчение,Начертательная геометрия и машиностроительное черчение,h,,
начертательная геометрия.инженерная графика,Начертательная геометрия и инженерная графика,h,,
начертательная геометрияи инженерная графика,Начертательная геометрия и инженерная графика,h,,
нетрадиционные и возобновляемые источники,Нетрадиционные и возобновляемые источники энергии,h,,обрезанное название
ноксология,Ноксология,h,,
обработка древесины,Обработка древесины,h,,
общая физическая подготовка,Общая физическая подготовка,h,,
общее устройство тракторов и автомобилей,Общее устройство тракторов и автомобилей,h,,
оганизация надзорной деятельности,Организация надзорной деятельности и профилактической работы в сфере пожарной безопасности,l,,"опечатка «оганизация», обрезанное название"
озеленение населенных мест,Озеленение населенных мест,h,,
опасные природные процессы,Опасные природные процессы,h,,
оптимизация многоцелевого лесопольз.,Оптимизация многоцелевого лесопользования,h,,сокращение
организация и планирование в ла и строительстве,Организация и планирование в ландшафтной архитектуре и строительстве,h,,«ла» = ландшафтная архитектура
организация и руководство,Организация и руководство,h,,
организация комплексного ведения,Организация комплексного ведения,h,,
организация научно-исследовательской работы,Организация научно-исследовательской работы,h,,
организация пожаротушения и ведение аварийно-спасательных работ,Организация пожаротушения и ведения аварийно-спасательных работ,h,,
организация работы малых групп,Организация работы в малых группах,h,,
организация строительных работ на оросительных системах,Организация строительных работ на оросительных системах,h,,
организация транспортных процессов,Организация транспортных процессов,h,,
организация эксплуатации электрических сетей,Организация эксплуатации электрических сетей,h,,
организация эксплуатации электроустан.,Организация эксплуатации электроустановок,h,,сокращение «электроустан.»
основы архитектуры,Основы архитектуры,h,,
основы военной подготовки,Основы военной подготовки,h,,
основы дизайна мебели и интерьера,Основы дизайна мебели и интерьера,h,,
основы лесопаркового хозяйства,Основы лесопаркового хозяйства,h,,
основы метрологии и стандартизации,Основы метрологии и стандартизации,h,,
основы научных исследований,Основы научных исследований,h,,
основы производства технических средств в апк,Основы производства технических средств в АПК,h,,
основы реконструкции и реставраци ландшафтных объектов,Основы реконструкции и реставрации ландшафтных объектов,h,,
основы реконструкции и реставраци ло,Основы реконструкции и реставрации ландшафтных объектов,h,,"«ло» = ландшафтных объектов, опечатка «реставраци»"
основы российской государственности,Основы российской государственности,h,,
основы устойчивого лесоуправления,Основы устойчивого лесоуправления,h,,
основы электроэнергетики,Основы электроэнергетики,h,,
особенности термомех.обработки деталей при восстановл.,Особенности термомеханической обработки деталей при восстановлении,h,,сокращения
особенности тех. обслуживания,Особенности технического обслуживания,h,,сокращение «тех.»
особенности технического сервиса импортной сх техники,Особенности технического сервиса импортной сельскохозяйственной техники и оборудования,h,,сокращение «сх»
особенности эксплуатации импортных с.х. машин,Особенности эксплуатации импортных сельскохозяйственных машин,h,,сокращение «с.х.»
отоки производ. на предпр-ях общ.пит.,Технологические потоки производства на предприятиях общественного питания,h,,оборванное начало ячейки «…отоки»
отопление,Отопление,h,,
охотоведение,Охотоведение,h,,
охрана труда,Охрана труда,h,,
охрана труда и пожарная безопасность,Охрана труда и пожарная безопасность,h,,
оценка инновационного потенциала,Оценка инновационного потенциала,h,,
оценка технич.и технологическ.параметров,Оценка технических и технологических параметров,h,,сокращения
оценка техническ.и технолог..параметров,Оценка технических и технологических параметров,h,,сокращения
оценка эффективности,Оценка эффективности инвестиционных проектов в агроинженерии,l,,"обрезанное название; Черненко, ауд. 238"
п,—,h,,обрывок «п»
патентоведение,Патентоведение,h,,
педагогика,Педагогика,h,,
педагогика высшей школы,Педагогика высшей школы,h,,
под-транс машины,Подъемно-транспортные машины,h,,сокращение «под-транс»
подготовка пожарных,Подготовка пожарных,h,,
подъемно-транс машины,Подъемно-транспортные машины,h,,сокращение «транс»
пожарная безопасность в строительстве,Пожарная безопасность в строительстве,h,,
пожарная безопасность технологич.процессов,Пожарная безопасность технологических процессов,h,,
пожарная безопасность электроустановок,Пожарная безопасность электроустановок,h,,
пожарная техника,Пожарная техника,h,,
пожарная техника и основы тушения пожара,Пожарная техника и основы тушения пожара,h,,
пожарно-строевая подготовка,Пожарно-строевая подготовка,h,,
пожаровзрывозощита,Пожаровзрывозащита,h,,опечатка «зощита»
почвоведение,Почвоведение,h,,
правоведение,Правоведение,h,,
приборы и средства контроля природных процессов на оросительных системах,Приборы и средства контроля природных процессов на оросительных системах,h,,
приемники и потребители электр.энергии,Приемники и потребители электрической энергии,h,,сокращение
прикладная матем в агрои.,Прикладная математика в агроинженерии,h,,сокращение «матем в агрои.»; Селиванов 342
прикладная математика,Прикладная математика,h,,
прикладная математика в агроинженерии,Прикладная математика в агроинженерии,h,,
прикладная математика в аи,Прикладная математика в агроинженерии,h,,аббревиатура «аи»; Селиванов 342
принципы эффективного управления процессами,Принципы эффективного управления процессами,h,,
природные и антропогенные факторы горимости лесов,Природные и антропогенные факторы горимости лесов,h,,
прогнозирование опасных факторов пожара,Прогнозирование опасных факторов пожара,h,,
програмирование логических контроллеров,Программирование логических контроллеров,h,,опечатка «програмирование»
проектироване энергообеспечения предприятий АПК,Проектирование энергообеспечения предприятий АПК,h,,
проектирование автомобилей и тракторов,Проектирование автомобилей и тракторов,h,,
проектирование агророб тех средств,Проектирование агророботизированных технических средств,h,,сокращение «агророб тех»
проектирование агророб технических средств,Проектирование агророботизированных технических средств,h,,сокращение «агророб»
проектирование геоинформационных систем,Проектирование геоинформационных систем,h,,
проектирование гидромелиоративных систем,Проектирование гидромелиоративных систем,h,,
проектирование процессов и тех.средств,Проектирование процессов и технических средств АПК,h,,"сокращение; Старцев, Погорелов 138"
проектирование процессов и технических средств АПК,Проектирование процессов и технических средств АПК,h,,
проектирование систем и технологий в АПК,Проектирование систем и технологий в АПК,h,,
проектирование систем инженерной защиты,Проектирование систем инженерной защиты,h,,
проектирование техники специального назначения,Проектирование техники специального назначения,h,,
проектирование технической эксплуатации транспортных средств в апк,Проектирование технической эксплуатации транспортных средств АПК,h,,
проектирование электрических систем,Проектирование электрических систем,h,,
проектирование электротехнологий в АПК,Проектирование электротехнологий в АПК,h,,
проектирование электроустановок,Проектирование электроустановок,h,,
проектирование энергообеспечения предприятий АПК,Проектирование энергообеспечения предприятий АПК,h,,
проектиртехн экспл тран средств,Проектирование технической эксплуатации транспортных средств АПК,h,,"сокращение; Горбушин, Меденко 520"
проектно-сметная деятельность,Проектно-сметная деятельность,h,,
проектное дело,Проектное дело,h,,
производственная санитария и гигиена труда,Производственная санитария и гигиена труда,h,,
производственно-технич инфраструктура тех сер,Производственно-техническая инфраструктура технического сервиса,h,,сокращение «технич … тех сер»
противопожарное водоснабжение,Противопожарное водоснабжение,h,,
профессиональная этика,Профессиональная этика,h,,
психология,Психология,h,,
психология работ в малых группах,Психология работы в малых группах,h,,
психология работы в малых группах,Психология работы в малых группах,h,,
"пуск, наладка и ремонт теплоэнергетического оборудования","Пуск, наладка и ремонт теплоэнергетического оборудования",h,,
разработка технических проектов с использованием САПР,Разработка технических проектов с использованием САПР,h,,
разработка технической документации,Разработка технической документации агророботизированных средств и комплексов,l,,"Исаев — тот же поток, что и 1318"
разработка технической документации агророботизир. средств и комплексов,Разработка технической документации агророботизированных средств и комплексов,h,,сокращение «агророботизир.»
регулирование стока и его использование,Регулирование стока и его использование,h,,
реконстр и формир ландшафтов,Реконструкция и формирование ландшафтов,h,,
реконструкция и ремонт инженерных систем и сооружений,Реконструкция и ремонт инженерных систем и сооружений,h,,
реконструкция и формирование ландшафтов,Реконструкция и формирование ландшафтов,h,,
рекреационный потенциал,Рекреационный потенциал,h,,
рекультивация загрязненных и деградированных территорий,Рекультивация загрязненных и деградированных территорий,h,,
ремонт и утилизация автомобилей и тракторов,Ремонт и утилизация автомобилей и тракторов,h,,
реставрация и реконструкция объектов,Реставрация и реконструкция объектов ландшафтной архитектуры,l,,обрезанное название; Иванова 239
реставрация и реконструкция объектов в ЛА,Реставрация и реконструкция объектов ландшафтной архитектуры,h,,аббревиатура ЛА
ресурсный потенциал,Ресурсный потенциал,h,,
ресурсосберег. и экологически безопасные технологии в орошении,Ресурсосберегающие и экологически безопасные технологии в орошении,h,,сокращение «ресурсосберег.»
русский язык,Русский язык,h,,
русский язык в деловой и научной коммуникации,Русский язык в деловой и научной коммуникации,h,,
русский язык и культура речи,Русский язык и культура речи,h,,
светотехника,Светотехника,h,,
сельхоз машины,Сельскохозяйственные машины,h,,«сельхоз»; Шардина 131
системы автомат проектирования,Системы автоматизированного проектирования автомобилей и тракторов,l,,"те же Азизов, Исаев, 522/520, что у 1424"
системы автомат проектирования автомоб. и тракторов,Системы автоматизированного проектирования автомобилей и тракторов,h,,"сокращения «автомат», «автомоб.»"
системы автоматизированного проектирования,Системы автоматизированного проектирования,h,,
системы отвода и очистки поверхностного стока,Системы отвода и очистки поверхностного стока,h,,
системы противопожарной защиты,Системы противопожарной защиты,h,,
сметное дело,Сметное дело,h,,
совр. технологии восстановления,Современные технологии восстановления,h,,сокращение «совр.»
современное технологическое оборудование,Современное технологическое оборудование,h,,
современное устройство релейной защиты и автоматики,Современное устройство релейной защиты и автоматики,h,,
современные информационные системы,Современные информационные системы,h,,
современные проблемы в техносферной безопасности,Современные проблемы в техносферной безопасности,h,,
современные проблемы мелиорации,Современные проблемы мелиорации,h,,
современные способы диагностирования,Современные способы диагностирования электроустановок,l,,обрезанное название; та же ауд. 420
современные способы диагностирования электроустановок,Современные способы диагностирования электроустановок,h,,
"содержание территорий, зданий и сооружений","Содержание территорий, зданий и сооружений",h,,
создание и поддержание микроклимата,Создание и поддержание микроклимата,h,,
сопротивление материалов,Сопротивление материалов,h,,
социальные и философские проблемы информационного общества,Социальные и философские проблемы информационного общества,h,,
социология,Социология,h,,
специальная педагогика,Специальная педагогика и специальная психология,l,,обрезанное название; Измайлова
специальная психология и специальная педагогика,Специальная педагогика и специальная психология,l,,слова переставлены
статистические методы обработки данных в автомобиле и тракторостроении,Статистические методы обработки данных в автомобиле- и тракторостроении,h,,
статистические методы обработки данных в агроинженерии,Статистические методы обработки данных в агроинженерии,h,,
статистические методы обработки данных в ландшаф.архитек.,Статистические методы обработки данных в ландшафтной архитектуре,h,,
статистические методы обработки данных в природообустройстве и водопользовании,Статистические методы обработки данных в природообустройстве и водопользовании,h,,
статистические методы обработки данных в техносф безопасности,Статистические методы обработки данных в техносферной безопасности,h,,сокращение «техносф»
стратегический менеджмент,Стратегический менеджмент,h,,
строит. и содерж. специализ. объектов,Строительство и содержание специализированных объектов ландшафтной архитектуры,h,,сокращения; Иванова 239
строительная механика,Строительная механика,h,,
строительное черчение,Строительное черчение,h,,регистр
строительные материалы,Строительные материалы,h,,
строительство и содерж. специализированных объектов ла,Строительство и содержание специализированных объектов ландшафтной архитектуры,h,,"сокращение «содерж.», «ла»"
строительство и содержание объектов,Строительство и содержание объектов ландшафтной архитектуры,h,,обрезанное название; Богуш
строительство и содержание объектов ла,Строительство и содержание объектов ландшафтной архитектуры,h,,аббревиатура «ла»
телеметрические системы,Телеметрические системы,h,,
теорет основы электрот,Теоретические основы электротехники,h,,сокращение «теорет … электрот»
теорет основы электротехн,Теоретические основы электротехники,h,,
теорет основы электротехники,Теоретические основы электротехники,h,,
теоретическая механика,Теоретическая механика,h,,
теоретические основы гидромелиорации,Теоретические основы гидромелиорации,h,,
теоретические основы микроклимата,Теоретические основы микроклимата,h,,
теоретические основы электротехники,Теоретические основы электротехники,h,,
теория вероятности и математическая статистика,Теория вероятности и математическая статистика,h,,
теория горения и взрыва,Теория горения и взрыва,h,,
теория искусственного интеллекта,Теория искусственного интеллекта,h,,
теория ландшафтной архитектуры,Теория ландшафтной архитектуры,h,,
теплогазоснабжение,Теплогазоснабжение,h,,
теплогазоснабжение с основами теплотехники,Теплогазоснабжение с основами теплотехники,h,,
теплогенерирующие установки,Теплогенерирующие установки,h,,
тепломассобмен,Тепломассообмен,h,,
тепломассообмен,Тепломассообмен,h,,
теплоснабжение,Теплоснабжение,h,,
теплотехника,Теплотехника,h,,
техн.компьютерного моделирования,Технологии компьютерного моделирования в сельском хозяйстве,l,,сокращение «техн.»; Леонтьев
техника высокого напряжения,Техника высокого напряжения,h,,
техническая термодинамика,Техническая термодинамика,h,,
технологии автомат. типовых управлен.задач,Технологии автоматизации типовых управленческих задач,h,,сокращения; Пахомова 529
технологии геопространственного анализа,Технологии геопространственного анализа,h,,
технологии и технические средства,Технологии и технические средства,h,,
технологии разработки веб-систем,Технологии разработки веб-систем,h,,
технологическая документация в т.с.,Технологическая документация в техническом сервисе,h,,аббревиатура «т.с.»
технология деревообрабатывающего производства,Технология деревообрабатывающего производства,h,,
технология и оборудование рубок лесных насаждений,Технология и оборудование рубок лесных насаждений,h,,
технология лесозащиты,Технология лесозащиты,h,,
технология мебельного производства,Технология мебельного производства,h,,
технология производства автомобилей и тракторов,Технология производства автомобилей и тракторов,h,,
технология производства продукции АПК,Технология производства продукции АПК,h,,
технология производства тепловой и электрической энергии,Технология производства тепловой и электрической энергии,h,,
технология ремонта сельскохозяйствыенных машин,Технология ремонта сельскохозяйственных машин,h,,опечатка «сельскохозяйствыенных»
технология ремонта тракторов и автомобилей в апк,Технология ремонта тракторов и автомобилей в АПК,h,,регистр «апк»
топливоснабжение и топливные хозяйства,Топливоснабжение и топливные хозяйства,h,,
тракторы и автомобили,Тракторы и автомобили,h,,
"трение, смазка, износ","Трение, смазка, износ",h,,
управление инф.базами в тс,Управление информационными базами данных в техническом сервисе,l,,"сокращения «инф.», «тс»; Розанов 529"
управление надежностью машин,Управление надежностью машин,h,,
управление потенц. и эффективным плодородием,Управление потенциальным и эффективным плодородием,h,,сокращение «потенц.»
управление проектами,Управление проектами,h,,
управление профессиональным риском,Управление профессиональным риском,h,,
управление робототехническими комплексами,Управление робототехническими комплексами,h,,
управление эксплуатционной надежностью,Управление эксплуатационной надежностью,h,,опечатка «эксплуатционной»
устройство машин и обор. в жив,Устройство машин и оборудования в животноводстве,h,,"сокращения «обор.», «жив»"
устройство машин и оборуд. в растениеводстве,Устройство машин и оборудования в растениеводстве,h,,сокращение «оборуд.»
физика,Физика,h,,
физико-химич.методы водоподготовки,Физико-химические методы водоподготовки,h,,сокращение «химич.»
физиология растений,Физиология растений,h,,
физическая культура и спорт,Физическая культура и спорт,h,,
философия,Философия,h,,
философия познания,Философия познания,h,,
философские проблемы,Философские проблемы,h,,
химия,Химия,h,,
холодильные машины,Холодильные машины,h,,
цифровые технологии,Цифровые технологии,h,,
цифровые технологии в ла,Цифровые технологии в ландшафтной архитектуре,h,,ложная склейка с «в ЛД»
цифровые технологиии в лд,Цифровые технологии в лесном деле,h,,"опечатка «технологиии», ЛД"
экологические и экономические аспекты,Экологические и экономические аспекты,h,,
экология,Экология,h,,
экономика,Экономика,h,,регистр
экономика в ландшафтной архитектуре,Экономика в ландшафтной архитектуре,h,,
экономика и управление,Экономика и управление,h,,
экономика отрасли,Экономика отрасли,h,,
экономика предприятий АПК,Экономика предприятия АПК,h,,
экономическая культура,Экономическая культура,h,,канон с точкой на конце
экономическая эффективность инвестиционных проектов,Экономическая эффективность инвестиционных проектов в агроинженерии,l,,обрезанное название; Потоцкая 407
экспертная оценка технического состояния машин в апк,Экспертная оценка технического состояния машин в АПК,h,,
экспл. эо и средств автомат,Эксплуатация электрооборудования и средств автоматизации,h,,сокращения «экспл. эо … автомат»; Иванкина 420
эксплуатационные материалы тех.ср в АПК,Эксплуатационные материалы технических средств в АПК,h,,сокращение «тех.ср»
эксплуатация автом и тракторов,Эксплуатация автомобилей и тракторов,h,,
эксплуатация автомобилей и тракторов,Эксплуатация автомобилей и тракторов,h,,
эксплуатация агроробототехнич.средств,Эксплуатация агроробототехнических средств и комплексов в агроинженерии,h,,"ложная склейка с дисциплиной Старцева; это Демин, Шардина 121"
эксплуатация агроробототехнических средств,Эксплуатация агроробототехнических средств,h,,
эксплуатация агроробототехнических средств и комплексов в агроинженерии,Эксплуатация агроробототехнических средств и комплексов в агроинженерии,h,,полное название
эксплуатация и мониторинг систем и сооружений,Эксплуатация и мониторинг систем и сооружений,h,,
эксплуатация и ремонт систем кондицион воздуха и холодосн,Эксплуатация и ремонт систем кондиционирования воздуха и холодоснабжения,h,,"сокращения «кондицион», «холодосн»"
эксплуатация и техническое перевооружение оросительных систем,Эксплуатация и техническое перевооружение оросительных систем,h,,
эксплуатация систем газоснабжения,Эксплуатация систем газоснабжения,h,,
эксплуатация систем теплоснабжения и вентиляции,Эксплуатация систем теплоснабжения и вентиляции,h,,
эксплуатация эо и средств автоматизации,Эксплуатация электрооборудования и средств автоматизации,h,,аббревиатура «эо»
электрические измерения,Электрические измерения,h,,регистр
электрические машины,Электрические машины,h,,
электроника,Электроника,h,,
электроника и микропр.техника,Электроника и микропроцессорная техника,h,,сокращение «микропр.»
электроника и электротехника,Электроника и электротехника,h,,
электропривод,Электропривод,h,,
электроснабжение,Электроснабжение,h,,
"электротехника, электроника и электропривод","Электротехника, электроника и электропривод",h,,
энергетические установки деревообрабатывающего и мебельного производства,Энергетические установки деревообрабатывающего и мебельного производства,h,,
энергетическое оборудование,Энергетическое оборудование,h,,
энерго- и ресурсообеспечение,Энерго- и ресурсообеспечение производства,l,,обрезанное название
энерго- и ресурсообеспечение производства,Энерго- и ресурсообеспечение производства,h,,
энергооборудование потребителей теплоты,Энергооборудование потребителей теплоты,h,,
энергосберегающие системы,Энергосберегающие системы,h,,
энергосбережение,Энергосбережение,h,,
энергосбережение в системах ТГС и В,Энергосбережение в системах ТГС и В,h,,
энергосбережение в электротехнологиях,Энергосбережение в электротехнологиях,h,,
энергосбережение в электроэнергетике,Энергосбережение в электроэнергетике,h,,
эрозиоведение,Эрозиоведение,h,,
языки программирования высокого уровня,Языки программирования высокого уровня,h,,ложная склейка
